classe_processual,orgao_julgador,n
Agravo de Instrumento,Gabinete da Vice-Presidência,7909
Agravo de Instrumento,GABINETE 24,5606
Agravo de Instrumento,GABINETE 23,5327
Agravo de Instrumento,GABINETE 13,5280
Agravo de Instrumento,GABINETE 19,5005
Agravo de Instrumento,GABINETE 15,4961
Agravo de Instrumento,GABINETE 21,4961
Agravo de Instrumento,GABINETE 14,4924
Agravo de Instrumento,GABINETE 16,4885
Agravo de Instrumento,GABINETE 17,4847
Agravo de Instrumento,GABINETE 22,4794
Agravo de Instrumento,GABINETE 10,4699
Agravo de Instrumento,GABINETE 20,4640
Agravo de Instrumento,GABINETE 18,4593
Agravo de Instrumento,GABINETE 09,4440
Agravo de Instrumento,GABINETE 11,4324
Agravo de Instrumento,GABINETE 12,4231
Agravo de Instrumento,GABINETE 08,3946
Agravo de Instrumento,GABINETE 07,3830
Agravo de Instrumento,GABINETE 31,2605
Agravo de Instrumento,GABINETE 29,2534
Agravo de Instrumento,GABINETE 30,2445
Agravo de Instrumento,GABINETE 32,2293
Agravo de Instrumento,GABINETE 28,2275
Agravo de Instrumento,GABINETE 27,2257
Agravo de Instrumento,GABINETE 02,1844
Agravo de Instrumento,GABINETE 05,1638
Agravo de Instrumento,GABINETE 04,1585
Agravo de Instrumento,GABINETE 06,1525
Agravo de Instrumento,GABINETE 01,1515
Agravo de Instrumento,GABINETE 03,1443
Agravo de Instrumento,GABINETE 26,675
Agravo de Instrumento,GABINETE 25,494
Agravo de Instrumento,GABINETE 34 - JFC,220
Agravo de Instrumento,GABINETE 36 - JFC,203
Agravo de Instrumento,GABINETE 33 - JFC,199
Agravo de Instrumento,GABINETE 35 - JFC,160
Agravo de Instrumento,CORREGEDORIA,60
Agravo de Instrumento,GABINETE PRESIDÊNCIA - TRU,7
Agravo de Instrumento,Coordenadoria de Cumprimento de Diligências e Distribuição,3
Agravo de Instrumento,GABINETE 18 - RJ PREV - TRU,1
Apelação / Remessa Necessária,Gabinete da Vice-Presidência,7702
Apelação / Remessa Necessária,GABINETE 05,1574
Apelação / Remessa Necessária,GABINETE 06,1516
Apelação / Remessa Necessária,GABINETE 09,1377
Apelação / Remessa Necessária,GABINETE 02,1369
Apelação / Remessa Necessária,GABINETE 01,1317
Apelação / Remessa Necessária,GABINETE 12,1260
Apelação / Remessa Necessária,GABINETE 24,1257
Apelação / Remessa Necessária,GABINETE 03,1230
Apelação / Remessa Necessária,GABINETE 07,1222
Apelação / Remessa Necessária,GABINETE 10,1144
Apelação / Remessa Necessária,GABINETE 08,1134
Apelação / Remessa Necessária,GABINETE 04,1078
Apelação / Remessa Necessária,GABINETE 22,1013
Apelação / Remessa Necessária,GABINETE 23,1003
Apelação / Remessa Necessária,GABINETE 11,992
Apelação / Remessa Necessária,GABINETE 15,896
Apelação / Remessa Necessária,GABINETE 13,872
Apelação / Remessa Necessária,GABINETE 19,848
Apelação / Remessa Necessária,GABINETE 20,827
Apelação / Remessa Necessária,GABINETE 21,798
Apelação / Remessa Necessária,GABINETE 14,760
Apelação / Remessa Necessária,GABINETE 26,740
Apelação / Remessa Necessária,GABINETE 17,726
Apelação / Remessa Necessária,GABINETE 18,696
Apelação / Remessa Necessária,GABINETE 16,681
Apelação / Remessa Necessária,GABINETE 25,609
Apelação / Remessa Necessária,GABINETE 28,609
Apelação / Remessa Necessária,GABINETE 27,542
Apelação / Remessa Necessária,GABINETE 29,453
Apelação / Remessa Necessária,GABINETE 32,450
Apelação / Remessa Necessária,GABINETE 31,420
Apelação / Remessa Necessária,GABINETE 30,338
Apelação / Remessa Necessária,GABINETE 34 - JFC,170
Apelação / Remessa Necessária,GABINETE 33 - JFC,155
Apelação / Remessa Necessária,GABINETE 35 - JFC,107
Apelação / Remessa Necessária,GABINETE 36 - JFC,106
Apelação / Remessa Necessária,CORREGEDORIA,12
Apelação / Remessa Necessária,Coordenadoria de Cumprimento de Diligências e Distribuição,3
Apelação Cível,Gabinete da Vice-Presidência,23159
Apelação Cível,GABINETE 23,8461
Apelação Cível,GABINETE 24,8301
Apelação Cível,GABINETE 20,7931
Apelação Cível,GABINETE 17,7749
Apelação Cível,GABINETE 21,7737
Apelação Cível,GABINETE 13,7587
Apelação Cível,GABINETE 18,7527
Apelação Cível,GABINETE 15,7422
Apelação Cível,GABINETE 02,7360
Apelação Cível,GABINETE 16,7345
Apelação Cível,GABINETE 19,7268
Apelação Cível,GABINETE 22,7236
Apelação Cível,GABINETE 06,6993
Apelação Cível,GABINETE 05,6747
Apelação Cível,GABINETE 14,6746
Apelação Cível,GABINETE 01,6377
Apelação Cível,GABINETE 03,5962
Apelação Cível,GABINETE 04,5895
Apelação Cível,GABINETE 12,4635
Apelação Cível,GABINETE 32,4552
Apelação Cível,GABINETE 31,4478
Apelação Cível,GABINETE 08,4370
Apelação Cível,GABINETE 09,4278
Apelação Cível,GABINETE 26,4262
Apelação Cível,GABINETE 10,4255
Apelação Cível,GABINETE 29,4033
Apelação Cível,GABINETE 07,3893
Apelação Cível,GABINETE 25,3826
Apelação Cível,GABINETE 11,3704
Apelação Cível,GABINETE 30,3610
Apelação Cível,GABINETE 28,2383
Apelação Cível,GABINETE 27,1993
Apelação Cível,GABINETE 34 - JFC,1113
Apelação Cível,GABINETE 33 - JFC,884
Apelação Cível,GABINETE 36 - JFC,713
Apelação Cível,GABINETE 35 - JFC,452
Apelação Cível,CORREGEDORIA,93
Apelação Cível,Coordenadoria de Cumprimento de Diligências e Distribuição,29
Apelação Cível,7ª Turma Especializada,1
Carta Precatória Cível,Setor de Distribuição do Rio de Janeiro (Rio Branco),14472
Carta Precatória Cível,Setor de Distribuição do Rio de Janeiro,2900
Carta Precatória Cível,"Seção de Distr., Atend. e Apoio Adm.",1669
Carta Precatória Cível,Diretoria de Nova Iguaçu,1098
Carta Precatória Cível,Subsecretaria de Distribuição de Atividades Judiciárias,669
Carta Precatória Cível,Diretoria de Niterói,572
Carta Precatória Cível,3ª Vara de Execução Fiscal de Vitória,537
Carta Precatória Cível,4ª Vara de Execução Fiscal de Vitória,509
Carta Precatória Cível,2ª Vara de Execução Fiscal de Vitória,486
Carta Precatória Cível,Diretoria de Macaé,449
Carta Precatória Cível,Diretoria de Duque de Caxias,414
Carta Precatória Cível,Diretoria de São João de Meriti,329
Carta Precatória Cível,6ª Vara de Execução Fiscal do Rio de Janeiro,313
Carta Precatória Cível,4ª Vara de Execução Fiscal do Rio de Janeiro,298
Carta Precatória Cível,9ª Vara de Execução Fiscal do Rio de janeiro,297
Carta Precatória Cível,2ª Vara de Execução Fiscal do Rio de Janeiro,296
Carta Precatória Cível,1ª Vara de Execução Fiscal do Rio de Janeiro,290
Carta Precatória Cível,10ª Vara de Execução Fiscal do Rio de Janeiro,280
Carta Precatória Cível,11ª Vara de Execução Fiscal do Rio de Janeiro,277
Carta Precatória Cível,Diretoria de São Pedro da Aldeia,268
Carta Precatória Cível,5ª Vara de Execução Fiscal do Rio de Janeiro,264
Carta Precatória Cível,Diretoria de São Gonçalo,262
Carta Precatória Cível,7ª Vara de Execução Fiscal do Rio de Janeiro,255
Carta Precatória Cível,8ª Vara de Execução Fiscal do Rio de Janeiro,255
Carta Precatória Cível,3ª Vara de Execução Fiscal do Rio de Janeiro,250
Carta Precatória Cível,12ª Vara de Execução Fiscal do Rio de Janeiro,245
Carta Precatória Cível,"Seção Contadoria, Distr. Cert de CI",244
Carta Precatória Cível,4ª Vara Federal de Vitória,243
Carta Precatória Cível,Diretoria de Petrópolis,236
Carta Precatória Cível,5ª Vara Federal de Vitória,228
Carta Precatória Cível,Diretoria de Itaperuna,227
Carta Precatória Cível,"Seção Contadoria, Distr. Cert. Serra",194
Carta Precatória Cível,5ª Vara Federal de Niterói,191
Carta Precatória Cível,Diretoria de Volta Redonda,185
Carta Precatória Cível,Setor de Distribuição Criminal de Campos,171
Carta Precatória Cível,9ª Vara Federal Criminal do Rio de Janeiro,156
Carta Precatória Cível,Diretoria de Três Rios,143
Carta Precatória Cível,Vara Federal de Itaperuna,143
Carta Precatória Cível,"Seção Contadoria, Distr. Cert. S. Mateus",142
Carta Precatória Cível,Diretoria de Angra dos Reis,117
Carta Precatória Cível,Diretoria de Resende,116
Carta Precatória Cível,"Seção Contadoria, Distr. Cert. Linhares",113
Carta Precatória Cível,Vara Federal de Macaé,104
Carta Precatória Cível,2ª Vara Federal de Nova Iguaçu,101
Carta Precatória Cível,4º Juizado Especial de Vitória,101
Carta Precatória Cível,1ª Vara Federal de Petrópolis,97
Carta Precatória Cível,28ª Vara Federal do Rio de Janeiro,96
Carta Precatória Cível,1ª Vara Federal de Duque de Caxias,93
Carta Precatória Cível,Vara Federal de Resende,87
Carta Precatória Cível,17ª Vara Federal do Rio de Janeiro,84
Carta Precatória Cível,1ª Vara Federal de Campos,84
Carta Precatória Cível,2ª Vara Federal do Rio de Janeiro,84
Carta Precatória Cível,23ª Vara Federal do Rio de Janeiro,81
Carta Precatória Cível,Diretoria de Itaboraí,81
Carta Precatória Cível,20ª Vara Federal do Rio de Janeiro,80
Carta Precatória Cível,30ª Vara Federal do Rio de Janeiro,78
Carta Precatória Cível,Diretoria de Nova Friburgo,78
Carta Precatória Cível,1ª Vara Federal de Nova Iguaçu,76
Carta Precatória Cível,22ª Vara Federal do Rio de Janeiro,75
Carta Precatória Cível,3ª Vara Federal de São João de Meriti,75
Carta Precatória Cível,4ª Vara Federal do Rio de Janeiro,74
Carta Precatória Cível,2ª Vara Federal de Duque de Caxias,72
Carta Precatória Cível,6ª Vara Federal do Rio de Janeiro,72
Carta Precatória Cível,"Seção Contadoria, Distr. Cert. Colatina",72
Carta Precatória Cível,32ª Vara Federal do Rio de Janeiro,69
Carta Precatória Cível,1ª Vara de Execução Fiscal de São João de Meriti,68
Carta Precatória Cível,29ª Vara Federal do Rio de Janeiro,68
Carta Precatória Cível,24ª Vara Federal do Rio de Janeiro,67
Carta Precatória Cível,7ª Vara Federal do Rio de Janeiro,66
Carta Precatória Cível,16ª Vara Federal do Rio de Janeiro,65
Carta Precatória Cível,1ª Vara de Execução Fiscal de São Gonçalo,65
Carta Precatória Cível,21ª Vara Federal do Rio de Janeiro,65
Carta Precatória Cível,3ª Vara Federal do Rio de Janeiro,65
Carta Precatória Cível,15ª Vara Federal do Rio de Janeiro,63
Carta Precatória Cível,19ª Vara Federal do Rio de Janeiro,63
Carta Precatória Cível,1ª Vara Federal de Volta Redonda,63
Carta Precatória Cível,11ª Vara Federal do Rio de Janeiro,62
Carta Precatória Cível,14ª Vara Federal do Rio de Janeiro,62
Carta Precatória Cível,Vara Federal de Colatina,61
Carta Precatória Cível,27ª Vara Federal do Rio de Janeiro,60
Carta Precatória Cível,10ª Vara Federal do Rio de Janeiro,59
Carta Precatória Cível,26ª Vara Federal do Rio de Janeiro,59
Carta Precatória Cível,12ª Vara Federal do Rio de Janeiro,58
Carta Precatória Cível,8ª Vara Federal do Rio de Janeiro,58
Carta Precatória Cível,2ª Vara de Execução Fiscal de São João de Meriti,57
Carta Precatória Cível,3ª Vara Federal de Volta Redonda,55
Carta Precatória Cível,Vara Federal de Teresópolis,55
Carta Precatória Cível,Vara Federal de Nova Friburgo,53
Carta Precatória Cível,1ª Vara Federal de São Pedro da Aldeia,52
Carta Precatória Cível,1ª Vara federal de cachoeiro de itapemirim,52
Carta Precatória Cível,Diretoria de Teresópolis,51
Carta Precatória Cível,5ª Vara Federal do Rio de Janeiro,50
Carta Precatória Cível,1ª Vara Federal de Niterói,47
Carta Precatória Cível,Vara Federal de Linhares,46
Carta Precatória Cível,Vara Federal de Angra dos Reis,45
Carta Precatória Cível,3ª Vara Federal de Niterói,44
Carta Precatória Cível,Diretoria de Barra do Piraí,43
Carta Precatória Cível,Vara Federal de Barra do Piraí,43
Carta Precatória Cível,4ª Vara Federal de Niterói,42
Carta Precatória Cível,Diretoria de Campos,41
Carta Precatória Cível,2ª Vara Federal de São Gonçalo,39
Carta Precatória Cível,6ª Vara Federal de São João de Meriti,38
Carta Precatória Cível,2ª Vara Federal de Itaboraí,36
Carta Precatória Cível,Vara Federal de Magé,36
Carta Precatória Cível,18ª Vara Federal do Rio de Janeiro,33
Carta Precatória Cível,1ª Vara Federal de Serra,33
Carta Precatória Cível,5ª Vara Federal de São João de Meriti,33
Carta Precatória Cível,Setor de Distribuição Criminal de Niterói,33
Carta Precatória Cível,13ª Vara Federal,32
Carta Precatória Cível,2ª Vara Federal de Cachoeiro do Itapemirim,32
Carta Precatória Cível,2ª Vara Federal de Volta Redonda,32
Carta Precatória Cível,Vara Federal de Três Rios,30
Carta Precatória Cível,1ª Vara Federal do Rio de Janeiro,28
Carta Precatória Cível,31ª Vara Federal,28
Carta Precatória Cível,Diretoria de Magé,28
Carta Precatória Cível,Vara Federal de São Mateus,27
Carta Precatória Cível,2ª Vara Federal de Niterói,26
Carta Precatória Cível,1ª Vara Federal de Itaboraí,25
Carta Precatória Cível,25ª Vara Federal,25
Carta Precatória Cível,1ª Vara Federal Criminal de Vitória,24
Carta Precatória Cível,3ª Vara Federal de São Gonçalo,24
Carta Precatória Cível,6ª Vara Federal de Vitória,24
Carta Precatória Cível,9ª Vara Federal,23
Carta Precatória Cível,1ª Vara Federal de Vitória,22
Carta Precatória Cível,2ª Vara Federal de Vitória,22
Carta Precatória Cível,33ª Vara Federal do Rio de Janeiro,20
Carta Precatória Cível,2ª Vara Federal de Campos,19
Carta Precatória Cível,4ª Vara Federal de São João de Meriti,19
Carta Precatória Cível,35ª Vara Federal do Rio de Janeiro,18
Carta Precatória Cível,GABINETE 30,17
Carta Precatória Cível,3ª Vara federal de cachoeiro de itapemirim,16
Carta Precatória Cível,4ª Vara Federal de Campos,16
Carta Precatória Cível,6ª Vara Federal de Niterói,16
Carta Precatória Cível,2ª Vara Federal de São Pedro da Aldeia,15
Carta Precatória Cível,7ª Vara Federal de Niterói,15
Carta Precatória Cível,2ª Vara Federal de Petrópolis,14
Carta Precatória Cível,34ª Vara Federal do Rio de Janeiro,14
Carta Precatória Cível,3º Juizado Especial Federal de Vitória,14
Carta Precatória Cível,4ª Vara Federal de Duque de Caxias,14
Carta Precatória Cível,CORREGEDORIA,13
Carta Precatória Cível,1º Juizado Especial Federal de Vitória,12
Carta Precatória Cível,6º Juizado Especial Federal do Rio de Janeiro,12
Carta Precatória Cível,8º Juizado Especial Federal do Rio de Janeiro,12
Carta Precatória Cível,GABINETE 18,12
Carta Precatória Cível,11º Juizado Especial Federal,11
Carta Precatória Cível,5ª Vara Federal de Duque de Caxias,11
Carta Precatória Cível,7º Juizado Especial Federal do Rio de Janeiro,11
Carta Precatória Cível,9º Juizado Especial Federal do Rio de Janeiro,11
Carta Precatória Cível,GABINETE 17,11
Carta Precatória Cível,GABINETE 05,10
Carta Precatória Cível,GABINETE 08,10
Carta Precatória Cível,GABINETE 16,10
Carta Precatória Cível,2ª Vara Federal Criminal de Vitória,9
Carta Precatória Cível,3ª Vara Federal de Campos,9
Carta Precatória Cível,GABINETE 03,9
Carta Precatória Cível,GABINETE 04,9
Carta Precatória Cível,GABINETE 11,9
Carta Precatória Cível,2º Juizado Especial Federal de São Gonçalo,8
Carta Precatória Cível,3ª Vara Federal de Duque de Caxias,8
Carta Precatória Cível,2ª Vara Federal de Nova Friburgo,7
Carta Precatória Cível,4ª Vara Federal de Volta Redonda,7
Carta Precatória Cível,GABINETE 07,7
Carta Precatória Cível,GABINETE 19,7
Carta Precatória Cível,Gabinete da Vice-Presidência,7
Carta Precatória Cível,12º Juizado Especial Federal do Rio de Janeiro,6
Carta Precatória Cível,4ª Vara Federal de São Gonçalo,6
Carta Precatória Cível,GABINETE 01,6
Carta Precatória Cível,GABINETE 21,6
Carta Precatória Cível,13º Juizado Especial Federal do Rio de Janeiro,5
Carta Precatória Cível,7ª Vara Federal de São João de Meriti,5
Carta Precatória Cível,8ª Vara Federal de São João de Meriti,5
Carta Precatória Cível,GABINETE 06,5
Carta Precatória Cível,GABINETE 23,5
Carta Precatória Cível,14º Juizado Especial Federal do Rio de Janeiro,4
Carta Precatória Cível,3ª Vara Federal Criminal do Rio de Janeiro,4
Carta Precatória Cível,5ª Vara Federal de Volta Redonda,4
Carta Precatória Cível,GABINETE 02,4
Carta Precatória Cível,GABINETE 22,4
Carta Precatória Cível,15º Juizado Especial Federal do Rio de Janeiro,3
Carta Precatória Cível,4ª Vara Federal de Nova Iguaçu,3
Carta Precatória Cível,GABINETE 20,3
Carta Precatória Cível,GABINETE 29,3
Carta Precatória Cível,Setor de Distribuição de Campo Grande,3
Carta Precatória Cível,3ª Vara Federal de Nova Iguaçu,2
Carta Precatória Cível,45ª Vara Federal do Rio de Janeiro,2
Carta Precatória Cível,7ª Vara Federal Criminal do Rio de Janeiro,2
Carta Precatória Cível,1ª Turma Recursal - Juiz Relator 2 - RJ,1
Carta Precatória Cível,1ª Vara Federal Criminal do Rio de Janeiro,1
Carta Precatória Cível,3º Juizado Especial Federal de São Gonçalo,1
Carta Precatória Cível,4ª Vara Federal Criminal do Rio de Janeiro,1
Carta Precatória Cível,5ª Vara Federal Criminal do Rio de Janeiro,1
Carta Precatória Cível,5ª Vara Federal de Nova Iguaçu,1
Carta Precatória Cível,Central de Perícias - Duque de Caxias,1
Carta Precatória Cível,Central de Perícias - SJES,1
Carta Precatória Cível,Juizado Especial Federal de Resende,1
Cumprimento de Sentença contra a Fazenda Pública,3º Juizado Especial Federal de Vitória,17775
Cumprimento de Sentença contra a Fazenda Pública,1º Juizado Especial Federal de Vitória,15383
Cumprimento de Sentença contra a Fazenda Pública,3ª Vara federal de cachoeiro de itapemirim,13028
Cumprimento de Sentença contra a Fazenda Pública,7º Juizado Especial Federal do Rio de Janeiro,11051
Cumprimento de Sentença contra a Fazenda Pública,Vara Federal de São Mateus,10823
Cumprimento de Sentença contra a Fazenda Pública,11º Juizado Especial Federal,9932
Cumprimento de Sentença contra a Fazenda Pública,5ª Vara Federal de Volta Redonda,9379
Cumprimento de Sentença contra a Fazenda Pública,Vara Federal de Macaé,9048
Cumprimento de Sentença contra a Fazenda Pública,5ª Vara Federal de Duque de Caxias,8855
Cumprimento de Sentença contra a Fazenda Pública,Vara Federal de Itaperuna,8461
Cumprimento de Sentença contra a Fazenda Pública,Vara Federal de Teresópolis,8345
Cumprimento de Sentença contra a Fazenda Pública,Vara Federal de Linhares,8336
Cumprimento de Sentença contra a Fazenda Pública,4ª Vara Federal de Campos,8304
Cumprimento de Sentença contra a Fazenda Pública,3ª Vara Federal de Campos,8199
Cumprimento de Sentença contra a Fazenda Pública,3ª Vara Federal de Duque de Caxias,7937
Cumprimento de Sentença contra a Fazenda Pública,4º Juizado Especial de Vitória,7447
Cumprimento de Sentença contra a Fazenda Pública,2ª Vara Federal de Nova Friburgo,7179
Cumprimento de Sentença contra a Fazenda Pública,2º Juizado Especial Federal de São Gonçalo,6834
Cumprimento de Sentença contra a Fazenda Pública,2ª Vara Federal de São Pedro da Aldeia,6695
Cumprimento de Sentença contra a Fazenda Pública,Vara Federal de Barra do Piraí,6468
Cumprimento de Sentença contra a Fazenda Pública,5ª Vara Federal de Nova Iguaçu,6304
Cumprimento de Sentença contra a Fazenda Pública,4ª Vara Federal de Nova Iguaçu,6188
Cumprimento de Sentença contra a Fazenda Pública,2ª Vara Federal de Itaboraí,6162
Cumprimento de Sentença contra a Fazenda Pública,8ª Vara Federal de São João de Meriti,6029
Cumprimento de Sentença contra a Fazenda Pública,45ª Vara Federal do Rio de Janeiro,5970
Cumprimento de Sentença contra a Fazenda Pública,Vara Federal de Três Rios,5925
Cumprimento de Sentença contra a Fazenda Pública,12º Juizado Especial Federal do Rio de Janeiro,5779
Cumprimento de Sentença contra a Fazenda Pública,4ª Vara Federal de São Gonçalo,5725
Cumprimento de Sentença contra a Fazenda Pública,2º Juizado Especial Federal de Vitória,5331
Cumprimento de Sentença contra a Fazenda Pública,1ª Vara Federal de Itaboraí,5296
Cumprimento de Sentença contra a Fazenda Pública,6ª Vara Federal de Niterói,5116
Cumprimento de Sentença contra a Fazenda Pública,25ª Vara Federal,5044
Cumprimento de Sentença contra a Fazenda Pública,13ª Vara Federal,5039
Cumprimento de Sentença contra a Fazenda Pública,Vara Federal de Colatina,5026
Cumprimento de Sentença contra a Fazenda Pública,14º Juizado Especial Federal do Rio de Janeiro,5001
Cumprimento de Sentença contra a Fazenda Pública,7ª Vara Federal de Niterói,4533
Cumprimento de Sentença contra a Fazenda Pública,31ª Vara Federal,4250
Cumprimento de Sentença contra a Fazenda Pública,Vara Federal de Resende,4167
Cumprimento de Sentença contra a Fazenda Pública,2ª Vara Federal de Vitória,4043
Cumprimento de Sentença contra a Fazenda Pública,5ª Vara Federal do Rio de Janeiro,4007
Cumprimento de Sentença contra a Fazenda Pública,9º Juizado Especial Federal do Rio de Janeiro,3905
Cumprimento de Sentença contra a Fazenda Pública,34ª Vara Federal do Rio de Janeiro,3599
Cumprimento de Sentença contra a Fazenda Pública,1ª Vara Federal de Nova Iguaçu,3378
Cumprimento de Sentença contra a Fazenda Pública,1ª Vara Federal de Campos,3095
Cumprimento de Sentença contra a Fazenda Pública,35ª Vara Federal do Rio de Janeiro,3060
Cumprimento de Sentença contra a Fazenda Pública,3º Juizado Especial Federal de São Gonçalo,2909
Cumprimento de Sentença contra a Fazenda Pública,1ª Vara Federal de São Pedro da Aldeia,2820
Cumprimento de Sentença contra a Fazenda Pública,3ª Vara Federal de São Gonçalo,2555
Cumprimento de Sentença contra a Fazenda Pública,7ª Vara Federal do Rio de Janeiro,2555
Cumprimento de Sentença contra a Fazenda Pública,1º Núcleo de Justiça 4.0 - SJES - Previdenciário,2475
Cumprimento de Sentença contra a Fazenda Pública,8º Juizado Especial Federal do Rio de Janeiro,2402
Cumprimento de Sentença contra a Fazenda Pública,3ª Vara Federal de Nova Iguaçu,2375
Cumprimento de Sentença contra a Fazenda Pública,33ª Vara Federal do Rio de Janeiro,2344
Cumprimento de Sentença contra a Fazenda Pública,3ª Vara Federal de Niterói,2296
Cumprimento de Sentença contra a Fazenda Pública,27ª Vara Federal do Rio de Janeiro,2286
Cumprimento de Sentença contra a Fazenda Pública,6ª Vara Federal do Rio de Janeiro,2209
Cumprimento de Sentença contra a Fazenda Pública,4 º Núcleo de Justiça 4.0 - SJRJ - Previdenciário,2096
Cumprimento de Sentença contra a Fazenda Pública,1ª Vara Federal de Vitória,2087
Cumprimento de Sentença contra a Fazenda Pública,2ª Vara Federal de São Gonçalo,2082
Cumprimento de Sentença contra a Fazenda Pública,3 º Núcleo de Justiça 4.0 - SJRJ - Previdenciário,2013
Cumprimento de Sentença contra a Fazenda Pública,Vara Federal de Nova Friburgo,1920
Cumprimento de Sentença contra a Fazenda Pública,Vara Federal de Angra dos Reis,1919
Cumprimento de Sentença contra a Fazenda Pública,6ª Vara Federal de Vitória,1881
Cumprimento de Sentença contra a Fazenda Pública,1 º Núcleo de Justiça 4.0 - SJRJ - Previdenciário,1877
Cumprimento de Sentença contra a Fazenda Pública,2 º Núcleo de Justiça 4.0 - SJRJ - Previdenciário,1769
Cumprimento de Sentença contra a Fazenda Pública,6 º Núcleo de Justiça 4.0 - SJRJ - Previdenciário,1634
Cumprimento de Sentença contra a Fazenda Pública,1ª Vara Federal de Serra,1558
Cumprimento de Sentença contra a Fazenda Pública,5 º Núcleo de Justiça 4.0 - SJRJ - Previdenciário,1520
Cumprimento de Sentença contra a Fazenda Pública,21ª Vara Federal do Rio de Janeiro,1519
Cumprimento de Sentença contra a Fazenda Pública,4ª Vara Federal de Volta Redonda,1492
Cumprimento de Sentença contra a Fazenda Pública,12ª Vara Federal do Rio de Janeiro,1481
Cumprimento de Sentença contra a Fazenda Pública,2ª Vara Federal de Duque de Caxias,1443
Cumprimento de Sentença contra a Fazenda Pública,4ª Vara Federal de Niterói,1405
Cumprimento de Sentença contra a Fazenda Pública,32ª Vara Federal do Rio de Janeiro,1396
Cumprimento de Sentença contra a Fazenda Pública,2ª Vara Federal de Nova Iguaçu,1383
Cumprimento de Sentença contra a Fazenda Pública,28ª Vara Federal do Rio de Janeiro,1347
Cumprimento de Sentença contra a Fazenda Pública,10ª Vara Federal do Rio de Janeiro,1287
Cumprimento de Sentença contra a Fazenda Pública,1ª Vara Federal de Duque de Caxias,1287
Cumprimento de Sentença contra a Fazenda Pública,2ª Vara Federal do Rio de Janeiro,1230
Cumprimento de Sentença contra a Fazenda Pública,30ª Vara Federal do Rio de Janeiro,1195
Cumprimento de Sentença contra a Fazenda Pública,4ª Vara Federal do Rio de Janeiro,1195
Cumprimento de Sentença contra a Fazenda Pública,24ª Vara Federal do Rio de Janeiro,1161
Cumprimento de Sentença contra a Fazenda Pública,2ª Vara Federal de Cachoeiro do Itapemirim,1127
Cumprimento de Sentença contra a Fazenda Pública,5ª Vara Federal de São João de Meriti,1055
Cumprimento de Sentença contra a Fazenda Pública,9ª Vara Federal,1048
Cumprimento de Sentença contra a Fazenda Pública,2ª Vara de Execução Fiscal de São João de Meriti,1041
Cumprimento de Sentença contra a Fazenda Pública,1ª Vara Federal de Niterói,1039
Cumprimento de Sentença contra a Fazenda Pública,3ª Vara de Execução Fiscal do Rio de Janeiro,1014
Cumprimento de Sentença contra a Fazenda Pública,22ª Vara Federal do Rio de Janeiro,1008
Cumprimento de Sentença contra a Fazenda Pública,9ª Vara de Execução Fiscal do Rio de janeiro,1000
Cumprimento de Sentença contra a Fazenda Pública,1ª Vara Federal de Volta Redonda,985
Cumprimento de Sentença contra a Fazenda Pública,16ª Vara Federal do Rio de Janeiro,963
Cumprimento de Sentença contra a Fazenda Pública,3ª Vara Federal de Volta Redonda,939
Cumprimento de Sentença contra a Fazenda Pública,1ª Vara de Execução Fiscal de São João de Meriti,909
Cumprimento de Sentença contra a Fazenda Pública,1ª Vara federal de cachoeiro de itapemirim,905
Cumprimento de Sentença contra a Fazenda Pública,26ª Vara Federal do Rio de Janeiro,895
Cumprimento de Sentença contra a Fazenda Pública,8ª Vara de Execução Fiscal do Rio de Janeiro,878
Cumprimento de Sentença contra a Fazenda Pública,6ª Vara Federal de São João de Meriti,872
Cumprimento de Sentença contra a Fazenda Pública,14ª Vara Federal do Rio de Janeiro,854
Cumprimento de Sentença contra a Fazenda Pública,5ª Vara de Execução Fiscal do Rio de Janeiro,832
Cumprimento de Sentença contra a Fazenda Pública,10ª Vara de Execução Fiscal do Rio de Janeiro,831
Cumprimento de Sentença contra a Fazenda Pública,1ª Vara Federal de Petrópolis,817
Cumprimento de Sentença contra a Fazenda Pública,8ª Vara Federal do Rio de Janeiro,815
Cumprimento de Sentença contra a Fazenda Pública,1ª Vara de Execução Fiscal do Rio de Janeiro,814
Cumprimento de Sentença contra a Fazenda Pública,Vara Federal de Magé,787
Cumprimento de Sentença contra a Fazenda Pública,15ª Vara Federal do Rio de Janeiro,780
Cumprimento de Sentença contra a Fazenda Pública,12ª Vara de Execução Fiscal do Rio de Janeiro,772
Cumprimento de Sentença contra a Fazenda Pública,11ª Vara Federal do Rio de Janeiro,767
Cumprimento de Sentença contra a Fazenda Pública,7ª Vara de Execução Fiscal do Rio de Janeiro,721
Cumprimento de Sentença contra a Fazenda Pública,11ª Vara de Execução Fiscal do Rio de Janeiro,718
Cumprimento de Sentença contra a Fazenda Pública,19ª Vara Federal do Rio de Janeiro,704
Cumprimento de Sentença contra a Fazenda Pública,17ª Vara Federal do Rio de Janeiro,692
Cumprimento de Sentença contra a Fazenda Pública,2ª Vara de Execução Fiscal do Rio de Janeiro,684
Cumprimento de Sentença contra a Fazenda Pública,3ª Vara Federal do Rio de Janeiro,684
Cumprimento de Sentença contra a Fazenda Pública,Juizado Especial Federal de Resende,671
Cumprimento de Sentença contra a Fazenda Pública,2ª Vara Federal de Petrópolis,596
Cumprimento de Sentença contra a Fazenda Pública,5ª Vara Federal de Niterói,545
Cumprimento de Sentença contra a Fazenda Pública,18ª Vara Federal do Rio de Janeiro,496
Cumprimento de Sentença contra a Fazenda Pública,5ª Vara Federal de Vitória,465
Cumprimento de Sentença contra a Fazenda Pública,6ª Vara de Execução Fiscal do Rio de Janeiro,455
Cumprimento de Sentença contra a Fazenda Pública,29ª Vara Federal do Rio de Janeiro,425
Cumprimento de Sentença contra a Fazenda Pública,1ª Vara Federal do Rio de Janeiro,372
Cumprimento de Sentença contra a Fazenda Pública,20ª Vara Federal do Rio de Janeiro,342
Cumprimento de Sentença contra a Fazenda Pública,23ª Vara Federal do Rio de Janeiro,313
Cumprimento de Sentença contra a Fazenda Pública,6º Juizado Especial Federal do Rio de Janeiro,300
Cumprimento de Sentença contra a Fazenda Pública,3ª Vara de Execução Fiscal de Vitória,220
Cumprimento de Sentença contra a Fazenda Pública,4ª Vara de Execução Fiscal de Vitória,190
Cumprimento de Sentença contra a Fazenda Pública,4ª Vara Federal de Duque de Caxias,182
Cumprimento de Sentença contra a Fazenda Pública,7ª Vara Federal de São João de Meriti,158
Cumprimento de Sentença contra a Fazenda Pública,1ª Vara de Execução Fiscal de São Gonçalo,106
Cumprimento de Sentença contra a Fazenda Pública,Centro de Solução de Conflitos e Cidadania,105
Cumprimento de Sentença contra a Fazenda Pública,2ª Vara de Execução Fiscal de Vitória,97
Cumprimento de Sentença contra a Fazenda Pública,15º Juizado Especial Federal do Rio de Janeiro,72
Cumprimento de Sentença contra a Fazenda Pública,13º Juizado Especial Federal do Rio de Janeiro,62
Cumprimento de Sentença contra a Fazenda Pública,4ª Vara de Execução Fiscal do Rio de Janeiro,30
Cumprimento de Sentença contra a Fazenda Pública,4ª Vara Federal de Vitória,22
Cumprimento de Sentença contra a Fazenda Pública,Núcleo de Justiça 4.0,7
Cumprimento de Sentença contra a Fazenda Pública,2ª Vara Federal de Campos,4
Cumprimento de Sentença contra a Fazenda Pública,4ª Turma Recursal - Juiz Relator 1 - RJ,2
Cumprimento de Sentença contra a Fazenda Pública,6ª Turma Recursal - Juiz Relator 1 - RJ,2
Cumprimento de Sentença contra a Fazenda Pública,Centro Solução Conflitos e Cidadania,2
Cumprimento de Sentença contra a Fazenda Pública,GABINETE 20,2
Cumprimento de Sentença contra a Fazenda Pública,GABINETE 25,2
Cumprimento de Sentença contra a Fazenda Pública,GABINETE 27,2
Cumprimento de Sentença contra a Fazenda Pública,1ª Turma Recursal - Juiz Relator 3 - ES,1
Cumprimento de Sentença contra a Fazenda Pública,1ª Turma Recursal - Juiz Relator 3 - RJ,1
Cumprimento de Sentença contra a Fazenda Pública,2ª Turma Recursal - Juiz Relator 2 - RJ,1
Cumprimento de Sentença contra a Fazenda Pública,2ª Turma Recursal - Juiz Relator 3 - ES,1
Cumprimento de Sentença contra a Fazenda Pública,3ª Turma Recursal - Juiz Relator 1 - RJ,1
Cumprimento de Sentença contra a Fazenda Pública,3ª Turma Recursal - Juiz Relator 3 - RJ,1
Cumprimento de Sentença contra a Fazenda Pública,5ª Turma Recursal - Juiz Relator 2 - RJ,1
Cumprimento de Sentença contra a Fazenda Pública,5ª Turma Recursal - Juiz Relator 3 - RJ,1
Cumprimento de Sentença contra a Fazenda Pública,6ª Turma Recursal - Juiz Relator 2 - RJ,1
Cumprimento de Sentença contra a Fazenda Pública,6ª Turma Recursal - Juiz Relator 3 - RJ,1
Cumprimento de Sentença contra a Fazenda Pública,7ª Turma Recursal - Juiz Relator 2 - RJ,1
Cumprimento de Sentença contra a Fazenda Pública,GABINETE 11,1
Cumprimento de Sentença contra a Fazenda Pública,GABINETE 12,1
Cumprimento de Sentença contra a Fazenda Pública,GABINETE 13,1
Cumprimento de Sentença contra a Fazenda Pública,GABINETE 15,1
Cumprimento de Sentença contra a Fazenda Pública,GABINETE 18,1
Cumprimento de Sentença contra a Fazenda Pública,GABINETE 22,1
Cumprimento de Sentença contra a Fazenda Pública,GABINETE 30,1
Cumprimento de Sentença contra a Fazenda Pública,GABINETE 31,1
Cumprimento de Sentença contra a Fazenda Pública,GABINETE 32,1
Cumprimento de Sentença contra a Fazenda Pública,Subsecretaria de Distribuição de Atividades Judiciárias,1
Cumprimento de sentença,6º Juizado Especial Federal do Rio de Janeiro,12098
Cumprimento de sentença,1ª Vara Federal de Serra,11319
Cumprimento de sentença,2ª Vara Federal de Cachoeiro do Itapemirim,9338
Cumprimento de sentença,15ª Vara Federal do Rio de Janeiro,8837
Cumprimento de sentença,4ª Vara Federal de Duque de Caxias,8112
Cumprimento de sentença,4ª Vara Federal de Volta Redonda,7858
Cumprimento de sentença,8º Juizado Especial Federal do Rio de Janeiro,7688
Cumprimento de sentença,1ª Vara Federal do Rio de Janeiro,7387
Cumprimento de sentença,13º Juizado Especial Federal do Rio de Janeiro,7048
Cumprimento de sentença,7ª Vara Federal de São João de Meriti,6976
Cumprimento de sentença,2ª Vara Federal de Petrópolis,6610
Cumprimento de sentença,33ª Vara Federal do Rio de Janeiro,5576
Cumprimento de sentença,Vara Federal de Colatina,5217
Cumprimento de sentença,9º Juizado Especial Federal do Rio de Janeiro,5183
Cumprimento de sentença,6ª Vara Federal de Vitória,5105
Cumprimento de sentença,1ª Vara Federal de Vitória,4875
Cumprimento de sentença,35ª Vara Federal do Rio de Janeiro,4089
Cumprimento de sentença,2º Juizado Especial Federal de Vitória,3811
Cumprimento de sentença,9ª Vara Federal,3811
Cumprimento de sentença,12ª Vara Federal do Rio de Janeiro,3526
Cumprimento de sentença,1ª Vara Federal de Niterói,2996
Cumprimento de sentença,2ª Vara Federal de Vitória,2968
Cumprimento de sentença,34ª Vara Federal do Rio de Janeiro,2896
Cumprimento de sentença,2ª Vara Federal de São Pedro da Aldeia,2616
Cumprimento de sentença,Vara Federal de Angra dos Reis,2365
Cumprimento de sentença,3ª Vara Federal do Rio de Janeiro,2334
Cumprimento de sentença,17ª Vara Federal do Rio de Janeiro,2210
Cumprimento de sentença,14º Juizado Especial Federal do Rio de Janeiro,2153
Cumprimento de sentença,18ª Vara Federal do Rio de Janeiro,2137
Cumprimento de sentença,15º Juizado Especial Federal do Rio de Janeiro,2097
Cumprimento de sentença,1ª Vara Federal de Duque de Caxias,2083
Cumprimento de sentença,1ª Vara Federal de Campos,2032
Cumprimento de sentença,16ª Vara Federal do Rio de Janeiro,2024
Cumprimento de sentença,4ª Vara Federal de Niterói,2014
Cumprimento de sentença,29ª Vara Federal do Rio de Janeiro,1984
Cumprimento de sentença,20ª Vara Federal do Rio de Janeiro,1943
Cumprimento de sentença,2ª Vara Federal de São Gonçalo,1936
Cumprimento de sentença,1ª Vara Federal de São Pedro da Aldeia,1903
Cumprimento de sentença,5ª Vara Federal de Vitória,1798
Cumprimento de sentença,26ª Vara Federal do Rio de Janeiro,1767
Cumprimento de sentença,5ª Vara Federal do Rio de Janeiro,1693
Cumprimento de sentença,23ª Vara Federal do Rio de Janeiro,1692
Cumprimento de sentença,2ª Vara Federal de Duque de Caxias,1614
Cumprimento de sentença,19ª Vara Federal do Rio de Janeiro,1568
Cumprimento de sentença,10ª Vara Federal do Rio de Janeiro,1559
Cumprimento de sentença,4ª Vara Federal do Rio de Janeiro,1538
Cumprimento de sentença,27ª Vara Federal do Rio de Janeiro,1535
Cumprimento de sentença,Vara Federal de Macaé,1487
Cumprimento de sentença,2ª Vara Federal do Rio de Janeiro,1453
Cumprimento de sentença,22ª Vara Federal do Rio de Janeiro,1419
Cumprimento de sentença,2º Juizado Especial Federal de São Gonçalo,1418
Cumprimento de sentença,21ª Vara Federal do Rio de Janeiro,1412
Cumprimento de sentença,5ª Vara Federal de São João de Meriti,1409
Cumprimento de sentença,30ª Vara Federal do Rio de Janeiro,1391
Cumprimento de sentença,2ª Vara Federal de Nova Iguaçu,1378
Cumprimento de sentença,7ª Vara Federal do Rio de Janeiro,1376
Cumprimento de sentença,1ª Vara Federal de Petrópolis,1374
Cumprimento de sentença,6ª Vara Federal do Rio de Janeiro,1326
Cumprimento de sentença,6ª Vara Federal de São João de Meriti,1324
Cumprimento de sentença,14ª Vara Federal do Rio de Janeiro,1284
Cumprimento de sentença,Vara Federal de Linhares,1234
Cumprimento de sentença,4ª Vara Federal de Vitória,1209
Cumprimento de sentença,32ª Vara Federal do Rio de Janeiro,1205
Cumprimento de sentença,1ª Vara federal de cachoeiro de itapemirim,1185
Cumprimento de sentença,4ª Vara de Execução Fiscal do Rio de Janeiro,1140
Cumprimento de sentença,24ª Vara Federal do Rio de Janeiro,1132
Cumprimento de sentença,7ª Vara Federal de Niterói,1086
Cumprimento de sentença,3ª Vara Federal de São Gonçalo,1083
Cumprimento de sentença,2ª Vara Federal de Itaboraí,1080
Cumprimento de sentença,13ª Vara Federal,1076
Cumprimento de sentença,4ª Vara Federal de São Gonçalo,1071
Cumprimento de sentença,Vara Federal de Três Rios,1046
Cumprimento de sentença,28ª Vara Federal do Rio de Janeiro,1024
Cumprimento de sentença,1ª Vara Federal de Nova Iguaçu,968
Cumprimento de sentença,1ª Vara Federal de Volta Redonda,931
Cumprimento de sentença,1ª Vara de Execução Fiscal de São Gonçalo,931
Cumprimento de sentença,Vara Federal de Teresópolis,895
Cumprimento de sentença,1ª Vara Federal de Itaboraí,872
Cumprimento de sentença,Vara Federal de Itaperuna,867
Cumprimento de sentença,3ª Vara Federal de Niterói,846
Cumprimento de sentença,11ª Vara Federal do Rio de Janeiro,829
Cumprimento de sentença,6ª Vara Federal de Niterói,805
Cumprimento de sentença,3ª Vara Federal de Duque de Caxias,737
Cumprimento de sentença,Vara Federal de Barra do Piraí,734
Cumprimento de sentença,8ª Vara Federal do Rio de Janeiro,723
Cumprimento de sentença,3ª Vara Federal de Volta Redonda,695
Cumprimento de sentença,Vara Federal de Resende,656
Cumprimento de sentença,Vara Federal de São Mateus,615
Cumprimento de sentença,12º Juizado Especial Federal do Rio de Janeiro,585
Cumprimento de sentença,45ª Vara Federal do Rio de Janeiro,570
Cumprimento de sentença,25ª Vara Federal,558
Cumprimento de sentença,12ª Vara de Execução Fiscal do Rio de Janeiro,454
Cumprimento de sentença,6ª Vara de Execução Fiscal do Rio de Janeiro,453
Cumprimento de sentença,Vara Federal de Nova Friburgo,432
Cumprimento de sentença,11ª Vara de Execução Fiscal do Rio de Janeiro,429
Cumprimento de sentença,31ª Vara Federal,428
Cumprimento de sentença,2ª Vara Federal de Nova Friburgo,408
Cumprimento de sentença,3º Juizado Especial Federal de São Gonçalo,358
Cumprimento de sentença,7ª Vara de Execução Fiscal do Rio de Janeiro,334
Cumprimento de sentença,2ª Vara de Execução Fiscal de Vitória,308
Cumprimento de sentença,3ª Vara Federal de Nova Iguaçu,299
Cumprimento de sentença,4º Juizado Especial de Vitória,298
Cumprimento de sentença,Vara Federal de Magé,295
Cumprimento de sentença,3ª Vara de Execução Fiscal de Vitória,291
Cumprimento de sentença,8ª Vara de Execução Fiscal do Rio de Janeiro,288
Cumprimento de sentença,5ª Vara Federal de Volta Redonda,286
Cumprimento de sentença,4ª Vara de Execução Fiscal de Vitória,264
Cumprimento de sentença,5ª Vara Federal de Nova Iguaçu,255
Cumprimento de sentença,2ª Vara de Execução Fiscal do Rio de Janeiro,238
Cumprimento de sentença,8ª Vara Federal de São João de Meriti,230
Cumprimento de sentença,1ª Vara de Execução Fiscal do Rio de Janeiro,226
Cumprimento de sentença,2ª Vara de Execução Fiscal de São João de Meriti,194
Cumprimento de sentença,5ª Vara Federal de Duque de Caxias,179
Cumprimento de sentença,9ª Vara de Execução Fiscal do Rio de janeiro,164
Cumprimento de sentença,4ª Vara Federal de Nova Iguaçu,160
Cumprimento de sentença,3ª Vara de Execução Fiscal do Rio de Janeiro,148
Cumprimento de sentença,10ª Vara de Execução Fiscal do Rio de Janeiro,145
Cumprimento de sentença,7º Juizado Especial Federal do Rio de Janeiro,124
Cumprimento de sentença,1ª Vara de Execução Fiscal de São João de Meriti,120
Cumprimento de sentença,11º Juizado Especial Federal,106
Cumprimento de sentença,Juizado Especial Federal de Resende,100
Cumprimento de sentença,4ª Vara Federal de Campos,95
Cumprimento de sentença,5ª Vara Federal de Niterói,95
Cumprimento de sentença,3ª Vara Federal de Campos,75
Cumprimento de sentença,3ª Vara federal de cachoeiro de itapemirim,43
Cumprimento de sentença,3 º Núcleo de Justiça 4.0 - SJRJ - Previdenciário,21
Cumprimento de sentença,1º Juizado Especial Federal de Vitória,18
Cumprimento de sentença,1 º Núcleo de Justiça 4.0 - SJRJ - Previdenciário,17
Cumprimento de sentença,2 º Núcleo de Justiça 4.0 - SJRJ - Previdenciário,17
Cumprimento de sentença,Centro de Solução de Conflitos e Cidadania,17
Cumprimento de sentença,5ª Vara de Execução Fiscal do Rio de Janeiro,12
Cumprimento de sentença,3º Juizado Especial Federal de Vitória,10
Cumprimento de sentença,1º Núcleo de Justiça 4.0 - SJES - Previdenciário,9
Cumprimento de sentença,4 º Núcleo de Justiça 4.0 - SJRJ - Previdenciário,6
Cumprimento de sentença,5 º Núcleo de Justiça 4.0 - SJRJ - Previdenciário,4
Cumprimento de sentença,6ª Turma Recursal - Juiz Relator 2 - RJ,4
Cumprimento de sentença,CEJUSC Ambiental - Centro Judiciário Ambiental ,4
Cumprimento de sentença,6 º Núcleo de Justiça 4.0 - SJRJ - Previdenciário,3
Cumprimento de sentença,GABINETE 12,3
Cumprimento de sentença,GABINETE 20,3
Cumprimento de sentença,GABINETE 31,3
Cumprimento de sentença,2ª Vara Federal de Campos,2
Cumprimento de sentença,7ª Turma Recursal - Juiz Relator 3 - RJ,2
Cumprimento de sentença,Centro Judiciário de Solução de Conflitos e Cidadania - CEJUSC de Duque de Caxias,2
Cumprimento de sentença,GABINETE 19,2
Cumprimento de sentença,GABINETE 32,2
Cumprimento de sentença,1ª Turma Recursal - Juiz Relator 2 - ES,1
Cumprimento de sentença,1ª Turma Recursal - Juiz Relator 3 - ES,1
Cumprimento de sentença,1ª Turma Recursal - Juiz Relator 3 - RJ,1
Cumprimento de sentença,2ª Turma Recursal - Juiz Relator 1 - ES,1
Cumprimento de sentença,2ª Turma Recursal - Juiz Relator 1 - RJ,1
Cumprimento de sentença,2ª Turma Recursal - Juiz Relator 2 - ES,1
Cumprimento de sentença,2ª Turma Recursal - Juiz Relator 3 - ES,1
Cumprimento de sentença,4ª Turma Recursal - Juiz Relator 3 - RJ,1
Cumprimento de sentença,5ª Turma Recursal - Juiz Relator 2 - RJ,1
Cumprimento de sentença,5ª Turma Recursal - Juiz Relator 3 - RJ,1
Cumprimento de sentença,6ª Turma Recursal - Juiz Relator 1 - RJ,1
Cumprimento de sentença,8ª Turma Recursal - Juiz Relator 1 - RJ,1
Cumprimento de sentença,8ª Turma Recursal - Juiz Relator 2 - RJ,1
Cumprimento de sentença,8ª Turma Recursal - Juiz Relator 3 - RJ,1
Cumprimento de sentença,Centro Judiciário de Saúde - CEJUSC Saúde,1
Cumprimento de sentença,Centro Judiciário de Solução de Conflitos e Cidadania - CEJUSC de Nova Iguaçu,1
Cumprimento de sentença,GABINETE 04,1
Cumprimento de sentença,GABINETE 15,1
Cumprimento de sentença,GABINETE 16,1
Cumprimento de sentença,GABINETE 23,1
Cumprimento de sentença,GABINETE 29,1
Embargos à Execução,1ª Vara Federal de Campos,427
Embargos à Execução,3ª Vara Federal do Rio de Janeiro,413
Embargos à Execução,24ª Vara Federal do Rio de Janeiro,382
Embargos à Execução,4ª Vara Federal de Vitória,368
Embargos à Execução,17ª Vara Federal do Rio de Janeiro,354
Embargos à Execução,3ª Vara de Execução Fiscal do Rio de Janeiro,345
Embargos à Execução,5ª Vara de Execução Fiscal do Rio de Janeiro,343
Embargos à Execução,22ª Vara Federal do Rio de Janeiro,342
Embargos à Execução,2ª Vara de Execução Fiscal de Vitória,336
Embargos à Execução,20ª Vara Federal do Rio de Janeiro,334
Embargos à Execução,7ª Vara Federal do Rio de Janeiro,333
Embargos à Execução,6ª Vara Federal do Rio de Janeiro,329
Embargos à Execução,5ª Vara Federal de Niterói,326
Embargos à Execução,28ª Vara Federal do Rio de Janeiro,322
Embargos à Execução,4ª Vara Federal do Rio de Janeiro,320
Embargos à Execução,16ª Vara Federal do Rio de Janeiro,316
Embargos à Execução,21ª Vara Federal do Rio de Janeiro,316
Embargos à Execução,2ª Vara Federal de São Pedro da Aldeia,316
Embargos à Execução,2ª Vara Federal do Rio de Janeiro,315
Embargos à Execução,32ª Vara Federal do Rio de Janeiro,308
Embargos à Execução,10ª Vara Federal do Rio de Janeiro,295
Embargos à Execução,11ª Vara de Execução Fiscal do Rio de Janeiro,295
Embargos à Execução,3ª Vara de Execução Fiscal de Vitória,294
Embargos à Execução,12ª Vara de Execução Fiscal do Rio de Janeiro,288
Embargos à Execução,30ª Vara Federal do Rio de Janeiro,287
Embargos à Execução,23ª Vara Federal do Rio de Janeiro,285
Embargos à Execução,1ª Vara Federal de Duque de Caxias,283
Embargos à Execução,19ª Vara Federal do Rio de Janeiro,277
Embargos à Execução,1ª Vara Federal de Petrópolis,275
Embargos à Execução,14ª Vara Federal do Rio de Janeiro,269
Embargos à Execução,6ª Vara de Execução Fiscal do Rio de Janeiro,265
Embargos à Execução,8ª Vara Federal do Rio de Janeiro,263
Embargos à Execução,2ª Vara Federal de Duque de Caxias,253
Embargos à Execução,27ª Vara Federal do Rio de Janeiro,250
Embargos à Execução,1ª Vara Federal de Niterói,248
Embargos à Execução,26ª Vara Federal do Rio de Janeiro,248
Embargos à Execução,8ª Vara de Execução Fiscal do Rio de Janeiro,248
Embargos à Execução,Vara Federal de Macaé,244
Embargos à Execução,1ª Vara de Execução Fiscal de São Gonçalo,234
Embargos à Execução,10ª Vara de Execução Fiscal do Rio de Janeiro,230
Embargos à Execução,29ª Vara Federal do Rio de Janeiro,222
Embargos à Execução,3ª Vara Federal de Volta Redonda,218
Embargos à Execução,3ª Vara Federal de Niterói,217
Embargos à Execução,2ª Vara Federal de Nova Iguaçu,216
Embargos à Execução,1ª Vara Federal de Volta Redonda,208
Embargos à Execução,4º Juizado Especial de Vitória,202
Embargos à Execução,2ª Vara de Execução Fiscal de São João de Meriti,201
Embargos à Execução,4ª Vara de Execução Fiscal do Rio de Janeiro,201
Embargos à Execução,5ª Vara Federal de Vitória,201
Embargos à Execução,11ª Vara Federal do Rio de Janeiro,197
Embargos à Execução,12ª Vara Federal do Rio de Janeiro,194
Embargos à Execução,1ª Vara de Execução Fiscal do Rio de Janeiro,193
Embargos à Execução,Vara Federal de Nova Friburgo,193
Embargos à Execução,4ª Vara Federal de Niterói,192
Embargos à Execução,1ª Vara de Execução Fiscal de São João de Meriti,191
Embargos à Execução,2ª Vara de Execução Fiscal do Rio de Janeiro,188
Embargos à Execução,7ª Vara de Execução Fiscal do Rio de Janeiro,184
Embargos à Execução,5ª Vara Federal do Rio de Janeiro,183
Embargos à Execução,Vara Federal de Itaperuna,177
Embargos à Execução,3ª Vara Federal de São Gonçalo,169
Embargos à Execução,2ª Vara Federal de São Gonçalo,160
Embargos à Execução,15ª Vara Federal do Rio de Janeiro,157
Embargos à Execução,9ª Vara de Execução Fiscal do Rio de janeiro,153
Embargos à Execução,1ª Vara Federal de Nova Iguaçu,148
Embargos à Execução,6ª Vara Federal de São João de Meriti,148
Embargos à Execução,1ª Vara federal de cachoeiro de itapemirim,142
Embargos à Execução,4ª Vara de Execução Fiscal de Vitória,142
Embargos à Execução,Vara Federal de Linhares,139
Embargos à Execução,5ª Vara Federal de São João de Meriti,128
Embargos à Execução,Vara Federal de Três Rios,126
Embargos à Execução,Vara Federal de Barra do Piraí,124
Embargos à Execução,2ª Vara Federal de Itaboraí,117
Embargos à Execução,Vara Federal de Resende,116
Embargos à Execução,1ª Vara Federal de Itaboraí,115
Embargos à Execução,1ª Vara Federal do Rio de Janeiro,108
Embargos à Execução,Vara Federal de Colatina,107
Embargos à Execução,18ª Vara Federal do Rio de Janeiro,101
Embargos à Execução,Vara Federal de Magé,90
Embargos à Execução,Vara Federal de São Mateus,90
Embargos à Execução,2ª Vara Federal de Cachoeiro do Itapemirim,86
Embargos à Execução,Vara Federal de Angra dos Reis,83
Embargos à Execução,1ª Vara Federal de Serra,81
Embargos à Execução,Vara Federal de Teresópolis,77
Embargos à Execução,1ª Vara Federal de São Pedro da Aldeia,72
Embargos à Execução,1ª Vara Federal de Vitória,68
Embargos à Execução,4ª Vara Federal de São Gonçalo,50
Embargos à Execução,2ª Vara Federal de Vitória,48
Embargos à Execução,2º Juizado Especial Federal de São Gonçalo,48
Embargos à Execução,2º Juizado Especial Federal de Vitória,48
Embargos à Execução,6ª Vara Federal de Vitória,47
Embargos à Execução,35ª Vara Federal do Rio de Janeiro,27
Embargos à Execução,34ª Vara Federal do Rio de Janeiro,26
Embargos à Execução,2ª Vara Federal de Nova Friburgo,25
Embargos à Execução,7ª Vara Federal de Niterói,24
Embargos à Execução,33ª Vara Federal do Rio de Janeiro,22
Embargos à Execução,9ª Vara Federal,20
Embargos à Execução,6ª Vara Federal de Niterói,19
Embargos à Execução,25ª Vara Federal,12
Embargos à Execução,7ª Vara Federal de São João de Meriti,11
Embargos à Execução,31ª Vara Federal,9
Embargos à Execução,13ª Vara Federal,7
Embargos à Execução,8ª Vara Federal de São João de Meriti,7
Embargos à Execução,GABINETE 28,5
Embargos à Execução,2ª Vara Federal de Petrópolis,4
Embargos à Execução,4ª Vara Federal de Volta Redonda,4
Embargos à Execução,2ª Vara Federal de Campos,3
Embargos à Execução,12º Juizado Especial Federal do Rio de Janeiro,2
Embargos à Execução,13º Juizado Especial Federal do Rio de Janeiro,2
Embargos à Execução,14º Juizado Especial Federal do Rio de Janeiro,2
Embargos à Execução,4ª Vara Federal de Campos,2
Embargos à Execução,Centro de Solução de Conflitos e Cidadania,2
Embargos à Execução,2ª Vara Federal de Volta Redonda,1
Embargos à Execução,3ª Vara Federal de Campos,1
Embargos à Execução,3ª Vara Federal de Duque de Caxias,1
Embargos à Execução,3ª Vara Federal de Nova Iguaçu,1
Embargos à Execução,5ª Vara Federal de Duque de Caxias,1
Embargos à Execução,5ª Vara Federal de Volta Redonda,1
Embargos à Execução,8ª Vara Federal Criminal do Rio de Janeiro,1
Embargos à Execução,Centro Judiciário de Solução de Conflitos e Cidadania - CEJUSC de Duque de Caxias,1
Embargos à Execução,GABINETE 02,1
Embargos à Execução,GABINETE 12,1
Embargos à Execução,GABINETE 19,1
Embargos à Execução,GABINETE 22,1
Embargos à Execução Fiscal,3ª Vara de Execução Fiscal do Rio de Janeiro,1220
Embargos à Execução Fiscal,1ª Vara de Execução Fiscal de São Gonçalo,1156
Embargos à Execução Fiscal,9ª Vara de Execução Fiscal do Rio de janeiro,1129
Embargos à Execução Fiscal,12ª Vara de Execução Fiscal do Rio de Janeiro,1125
Embargos à Execução Fiscal,5ª Vara de Execução Fiscal do Rio de Janeiro,1125
Embargos à Execução Fiscal,10ª Vara de Execução Fiscal do Rio de Janeiro,1060
Embargos à Execução Fiscal,6ª Vara de Execução Fiscal do Rio de Janeiro,1051
Embargos à Execução Fiscal,3ª Vara de Execução Fiscal de Vitória,1023
Embargos à Execução Fiscal,4ª Vara de Execução Fiscal de Vitória,1006
Embargos à Execução Fiscal,11ª Vara de Execução Fiscal do Rio de Janeiro,1000
Embargos à Execução Fiscal,7ª Vara de Execução Fiscal do Rio de Janeiro,979
Embargos à Execução Fiscal,2ª Vara de Execução Fiscal de Vitória,940
Embargos à Execução Fiscal,2ª Vara de Execução Fiscal do Rio de Janeiro,874
Embargos à Execução Fiscal,8ª Vara de Execução Fiscal do Rio de Janeiro,824
Embargos à Execução Fiscal,5ª Vara Federal de Niterói,798
Embargos à Execução Fiscal,4ª Vara de Execução Fiscal do Rio de Janeiro,757
Embargos à Execução Fiscal,1ª Vara de Execução Fiscal do Rio de Janeiro,671
Embargos à Execução Fiscal,2ª Vara de Execução Fiscal de São João de Meriti,478
Embargos à Execução Fiscal,1ª Vara de Execução Fiscal de São João de Meriti,475
Embargos à Execução Fiscal,3ª Vara Federal de Volta Redonda,240
Embargos à Execução Fiscal,1ª Vara Federal de Volta Redonda,168
Embargos à Execução Fiscal,Vara Federal de Nova Friburgo,156
Embargos à Execução Fiscal,1ª Vara Federal de Itaboraí,86
Embargos à Execução Fiscal,1ª Vara Federal de Duque de Caxias,82
Embargos à Execução Fiscal,1ª Vara Federal de Nova Iguaçu,76
Embargos à Execução Fiscal,Vara Federal de Teresópolis,74
Embargos à Execução Fiscal,2ª Vara Federal de Itaboraí,67
Embargos à Execução Fiscal,2ª Vara Federal de Duque de Caxias,62
Embargos à Execução Fiscal,2ª Vara Federal de Campos,53
Embargos à Execução Fiscal,2ª Vara Federal de Nova Iguaçu,29
Embargos à Execução Fiscal,1ª Vara Federal de São Pedro da Aldeia,28
Embargos à Execução Fiscal,Vara Federal de Resende,26
Embargos à Execução Fiscal,1ª Vara Federal de Campos,22
Embargos à Execução Fiscal,2ª Vara Federal de São Pedro da Aldeia,22
Embargos à Execução Fiscal,1ª Vara Federal de Petrópolis,14
Embargos à Execução Fiscal,2ª Vara Federal de Petrópolis,8
Embargos à Execução Fiscal,Vara Federal de Magé,3
Embargos à Execução Fiscal,Setor de Distribuição do Rio de Janeiro,2
Embargos à Execução Fiscal,Vara Federal de Angra dos Reis,2
Embargos à Execução Fiscal,Vara Federal de Barra do Piraí,2
Embargos à Execução Fiscal,Vara Federal de Três Rios,2
Embargos à Execução Fiscal,Vara Federal de Itaperuna,1
Execução Fiscal,4ª Vara de Execução Fiscal de Vitória,29370
Execução Fiscal,2ª Vara de Execução Fiscal de Vitória,28723
Execução Fiscal,3ª Vara de Execução Fiscal de Vitória,28607
Execução Fiscal,2ª Vara de Execução Fiscal do Rio de Janeiro,18724
Execução Fiscal,5ª Vara Federal de Niterói,18679
Execução Fiscal,11ª Vara de Execução Fiscal do Rio de Janeiro,18495
Execução Fiscal,1ª Vara de Execução Fiscal do Rio de Janeiro,18457
Execução Fiscal,10ª Vara de Execução Fiscal do Rio de Janeiro,18451
Execução Fiscal,4ª Vara de Execução Fiscal do Rio de Janeiro,18384
Execução Fiscal,7ª Vara de Execução Fiscal do Rio de Janeiro,18380
Execução Fiscal,9ª Vara de Execução Fiscal do Rio de janeiro,18228
Execução Fiscal,5ª Vara de Execução Fiscal do Rio de Janeiro,18227
Execução Fiscal,6ª Vara de Execução Fiscal do Rio de Janeiro,18070
Execução Fiscal,3ª Vara de Execução Fiscal do Rio de Janeiro,18023
Execução Fiscal,1ª Vara de Execução Fiscal de São João de Meriti,17823
Execução Fiscal,8ª Vara de Execução Fiscal do Rio de Janeiro,17740
Execução Fiscal,12ª Vara de Execução Fiscal do Rio de Janeiro,17700
Execução Fiscal,2ª Vara de Execução Fiscal de São João de Meriti,17411
Execução Fiscal,1ª Vara de Execução Fiscal de São Gonçalo,10365
Execução Fiscal,Vara Federal de Nova Friburgo,1790
Execução Fiscal,1ª Vara Federal de Volta Redonda,1097
Execução Fiscal,3ª Vara Federal de Volta Redonda,1013
Execução Fiscal,Vara Federal de Teresópolis,870
Execução Fiscal,1ª Vara Federal de Itaboraí,854
Execução Fiscal,2ª Vara Federal de Itaboraí,702
Execução Fiscal,1ª Vara Federal de Duque de Caxias,563
Execução Fiscal,2ª Vara Federal de Duque de Caxias,558
Execução Fiscal,1ª Vara Federal de Nova Iguaçu,336
Execução Fiscal,2ª Vara Federal de Nova Iguaçu,261
Execução Fiscal,Vara Federal de Resende,149
Execução Fiscal,2ª Vara Federal de São Pedro da Aldeia,144
Execução Fiscal,2ª Vara Federal de Campos,70
Execução Fiscal,1ª Vara Federal de Petrópolis,59
Execução Fiscal,1ª Vara Federal de São Pedro da Aldeia,31
Execução Fiscal,1ª Vara Federal de Campos,21
Execução Fiscal,2ª Vara Federal de Petrópolis,17
Execução Fiscal,Vara Federal de Angra dos Reis,12
Execução Fiscal,Vara Federal de Três Rios,8
Execução Fiscal,Vara Federal de Macaé,5
Execução Fiscal,Vara Federal de Magé,2
Execução Fiscal,19ª Vara Federal do Rio de Janeiro,1
Execução Fiscal,Vara Federal de Barra do Piraí,1
Execução Fiscal,Vara Federal de Linhares,1
Execução Fiscal,Vara Federal de São Mateus,1
Execução de Título Extrajudicial,4ª Vara Federal de Vitória,2567
Execução de Título Extrajudicial,1ª Vara Federal de Campos,2055
Execução de Título Extrajudicial,2ª Vara Federal de São Pedro da Aldeia,2002
Execução de Título Extrajudicial,5ª Vara Federal de Vitória,1923
Execução de Título Extrajudicial,32ª Vara Federal do Rio de Janeiro,1906
Execução de Título Extrajudicial,22ª Vara Federal do Rio de Janeiro,1886
Execução de Título Extrajudicial,10ª Vara Federal do Rio de Janeiro,1862
Execução de Título Extrajudicial,6ª Vara Federal do Rio de Janeiro,1849
Execução de Título Extrajudicial,14ª Vara Federal do Rio de Janeiro,1807
Execução de Título Extrajudicial,24ª Vara Federal do Rio de Janeiro,1797
Execução de Título Extrajudicial,26ª Vara Federal do Rio de Janeiro,1760
Execução de Título Extrajudicial,30ª Vara Federal do Rio de Janeiro,1750
Execução de Título Extrajudicial,19ª Vara Federal do Rio de Janeiro,1730
Execução de Título Extrajudicial,27ª Vara Federal do Rio de Janeiro,1726
Execução de Título Extrajudicial,20ª Vara Federal do Rio de Janeiro,1694
Execução de Título Extrajudicial,4ª Vara Federal do Rio de Janeiro,1670
Execução de Título Extrajudicial,21ª Vara Federal do Rio de Janeiro,1669
Execução de Título Extrajudicial,2ª Vara Federal do Rio de Janeiro,1666
Execução de Título Extrajudicial,Vara Federal de Macaé,1635
Execução de Título Extrajudicial,28ª Vara Federal do Rio de Janeiro,1618
Execução de Título Extrajudicial,3ª Vara Federal do Rio de Janeiro,1599
Execução de Título Extrajudicial,17ª Vara Federal do Rio de Janeiro,1592
Execução de Título Extrajudicial,23ª Vara Federal do Rio de Janeiro,1586
Execução de Título Extrajudicial,29ª Vara Federal do Rio de Janeiro,1528
Execução de Título Extrajudicial,7ª Vara Federal do Rio de Janeiro,1505
Execução de Título Extrajudicial,1ª Vara Federal de Duque de Caxias,1423
Execução de Título Extrajudicial,2ª Vara Federal de Duque de Caxias,1422
Execução de Título Extrajudicial,16ª Vara Federal do Rio de Janeiro,1397
Execução de Título Extrajudicial,2ª Vara Federal de Nova Iguaçu,1319
Execução de Título Extrajudicial,8ª Vara Federal do Rio de Janeiro,1277
Execução de Título Extrajudicial,11ª Vara Federal do Rio de Janeiro,1183
Execução de Título Extrajudicial,1ª Vara Federal de Petrópolis,1100
Execução de Título Extrajudicial,6ª Vara Federal de São João de Meriti,1061
Execução de Título Extrajudicial,5ª Vara Federal de São João de Meriti,1053
Execução de Título Extrajudicial,5ª Vara Federal do Rio de Janeiro,929
Execução de Título Extrajudicial,1ª Vara federal de cachoeiro de itapemirim,901
Execução de Título Extrajudicial,3ª Vara Federal de Niterói,891
Execução de Título Extrajudicial,4º Juizado Especial de Vitória,887
Execução de Título Extrajudicial,1ª Vara Federal de Niterói,875
Execução de Título Extrajudicial,4ª Vara Federal de Niterói,865
Execução de Título Extrajudicial,3ª Vara Federal de São Gonçalo,808
Execução de Título Extrajudicial,Vara Federal de Nova Friburgo,779
Execução de Título Extrajudicial,1ª Vara Federal de Volta Redonda,753
Execução de Título Extrajudicial,2ª Vara Federal de São Gonçalo,739
Execução de Título Extrajudicial,1ª Vara Federal de Nova Iguaçu,733
Execução de Título Extrajudicial,3ª Vara Federal de Volta Redonda,713
Execução de Título Extrajudicial,Vara Federal de Itaperuna,686
Execução de Título Extrajudicial,Vara Federal de Colatina,676
Execução de Título Extrajudicial,12ª Vara Federal do Rio de Janeiro,632
Execução de Título Extrajudicial,Vara Federal de Barra do Piraí,613
Execução de Título Extrajudicial,Vara Federal de Linhares,613
Execução de Título Extrajudicial,15ª Vara Federal do Rio de Janeiro,599
Execução de Título Extrajudicial,Vara Federal de São Mateus,580
Execução de Título Extrajudicial,1ª Vara Federal do Rio de Janeiro,559
Execução de Título Extrajudicial,2ª Vara Federal de Cachoeiro do Itapemirim,544
Execução de Título Extrajudicial,Vara Federal de Teresópolis,493
Execução de Título Extrajudicial,Vara Federal de Resende,485
Execução de Título Extrajudicial,Vara Federal de Angra dos Reis,464
Execução de Título Extrajudicial,2ª Vara Federal de Itaboraí,456
Execução de Título Extrajudicial,2º Juizado Especial Federal de Vitória,439
Execução de Título Extrajudicial,Vara Federal de Três Rios,436
Execução de Título Extrajudicial,1ª Vara Federal de Itaboraí,413
Execução de Título Extrajudicial,33ª Vara Federal do Rio de Janeiro,398
Execução de Título Extrajudicial,Vara Federal de Magé,398
Execução de Título Extrajudicial,34ª Vara Federal do Rio de Janeiro,390
Execução de Título Extrajudicial,35ª Vara Federal do Rio de Janeiro,316
Execução de Título Extrajudicial,1ª Vara Federal de Serra,284
Execução de Título Extrajudicial,18ª Vara Federal do Rio de Janeiro,281
Execução de Título Extrajudicial,1ª Vara Federal de São Pedro da Aldeia,255
Execução de Título Extrajudicial,2º Juizado Especial Federal de São Gonçalo,231
Execução de Título Extrajudicial,6ª Vara Federal de Niterói,202
Execução de Título Extrajudicial,7ª Vara Federal de Niterói,202
Execução de Título Extrajudicial,1ª Vara de Execução Fiscal de São João de Meriti,194
Execução de Título Extrajudicial,4ª Vara Federal de São Gonçalo,191
Execução de Título Extrajudicial,2ª Vara de Execução Fiscal de São João de Meriti,158
Execução de Título Extrajudicial,2ª Vara Federal de Nova Friburgo,97
Execução de Título Extrajudicial,14º Juizado Especial Federal do Rio de Janeiro,66
Execução de Título Extrajudicial,15º Juizado Especial Federal do Rio de Janeiro,43
Execução de Título Extrajudicial,1ª Vara de Execução Fiscal de São Gonçalo,41
Execução de Título Extrajudicial,13º Juizado Especial Federal do Rio de Janeiro,35
Execução de Título Extrajudicial,12º Juizado Especial Federal do Rio de Janeiro,32
Execução de Título Extrajudicial,45ª Vara Federal do Rio de Janeiro,27
Execução de Título Extrajudicial,Centro Solução Conflitos e Cidadania,26
Execução de Título Extrajudicial,5ª Vara Federal de Duque de Caxias,9
Execução de Título Extrajudicial,Centro de Solução de Conflitos e Cidadania,9
Execução de Título Extrajudicial,2ª Vara Federal de Campos,7
Execução de Título Extrajudicial,4ª Vara Federal de Duque de Caxias,7
Execução de Título Extrajudicial,2ª Vara Federal de Petrópolis,5
Execução de Título Extrajudicial,Centro Judiciário de Solução de Conflitos e Cidadania - CEJUSC de Petrópolis,3
Execução de Título Extrajudicial,1º Juizado Especial Federal de Vitória,2
Execução de Título Extrajudicial,3ª Vara Federal de Duque de Caxias,2
Execução de Título Extrajudicial,3º Juizado Especial Federal de Vitória,2
Execução de Título Extrajudicial,4ª Vara Federal de Nova Iguaçu,2
Execução de Título Extrajudicial,5ª Vara Federal de Volta Redonda,2
Execução de Título Extrajudicial,7º Juizado Especial Federal do Rio de Janeiro,2
Execução de Título Extrajudicial,Centro Judiciário de Solução de Conflitos e Cidadania - CEJUSC de Duque de Caxias,2
Execução de Título Extrajudicial,Diretoria de Nova Iguaçu,2
Execução de Título Extrajudicial,10ª Vara de Execução Fiscal do Rio de Janeiro,1
Execução de Título Extrajudicial,11º Juizado Especial Federal,1
Execução de Título Extrajudicial,12ª Vara de Execução Fiscal do Rio de Janeiro,1
Execução de Título Extrajudicial,1ª Turma Recursal - Juiz Relator 1 - ES,1
Execução de Título Extrajudicial,1ª Turma Recursal - Juiz Relator 2 - ES,1
Execução de Título Extrajudicial,1ª Vara de Execução Fiscal do Rio de Janeiro,1
Execução de Título Extrajudicial,2ª Turma Recursal - Juiz Relator 2 - RJ,1
Execução de Título Extrajudicial,2ª Vara Federal de Vitória,1
Execução de Título Extrajudicial,2ª Vara Federal de Volta Redonda,1
Execução de Título Extrajudicial,3ª Vara de Execução Fiscal de Vitória,1
Execução de Título Extrajudicial,3º Juizado Especial Federal de São Gonçalo,1
Execução de Título Extrajudicial,5ª Vara de Execução Fiscal do Rio de Janeiro,1
Execução de Título Extrajudicial,6ª Turma Recursal - Juiz Relator 1 - RJ,1
Execução de Título Extrajudicial,6ª Turma Recursal - Juiz Relator 2 - RJ,1
Execução de Título Extrajudicial,6ª Vara de Execução Fiscal do Rio de Janeiro,1
Execução de Título Extrajudicial,6º Juizado Especial Federal do Rio de Janeiro,1
Execução de Título Extrajudicial,7ª Vara Federal de São João de Meriti,1
Execução de Título Extrajudicial,7ª Vara de Execução Fiscal do Rio de Janeiro,1
Execução de Título Extrajudicial,8ª Vara Federal de São João de Meriti,1
Execução de Título Extrajudicial,8ª Vara de Execução Fiscal do Rio de Janeiro,1
Execução de Título Extrajudicial,9ª Vara de Execução Fiscal do Rio de janeiro,1
Execução de Título Extrajudicial,9º Juizado Especial Federal do Rio de Janeiro,1
Execução de Título Extrajudicial,CENORTE - Centro de Solução de Conflitos da Região Norte Fluminense,1
Execução de Título Extrajudicial,Centro Judiciário de Solução de Conflitos e Cidadania - CEJUSC de Nova Iguaçu,1
Execução de Título Extrajudicial,Centro Judiciário de Solução de Conflitos e Cidadania - CEJUSC de Teresópolis,1
Execução de Título Extrajudicial,Centro de Solução de Conflitos de São Pedro da Aldeia - CESOL - SPA,1
Mandado de Segurança Cível,1ª Vara Federal de Vitória,6405
Mandado de Segurança Cível,6ª Vara Federal de Vitória,6379
Mandado de Segurança Cível,2ª Vara Federal de Vitória,6297
Mandado de Segurança Cível,25ª Vara Federal,4211
Mandado de Segurança Cível,31ª Vara Federal,3930
Mandado de Segurança Cível,13ª Vara Federal,3817
Mandado de Segurança Cível,9ª Vara Federal,3270
Mandado de Segurança Cível,Vara Federal de Itaperuna,2686
Mandado de Segurança Cível,4ª Vara Federal de Vitória,2573
Mandado de Segurança Cível,5ª Vara Federal de Vitória,2501
Mandado de Segurança Cível,Vara Federal de Macaé,2424
Mandado de Segurança Cível,18ª Vara Federal do Rio de Janeiro,2377
Mandado de Segurança Cível,3ª Vara Federal de Niterói,2349
Mandado de Segurança Cível,29ª Vara Federal do Rio de Janeiro,2155
Mandado de Segurança Cível,4ª Vara Federal de Niterói,2107
Mandado de Segurança Cível,4ª Vara Federal de Duque de Caxias,1990
Mandado de Segurança Cível,1ª Vara Federal de Duque de Caxias,1737
Mandado de Segurança Cível,3ª Vara Federal do Rio de Janeiro,1730
Mandado de Segurança Cível,1ª Vara Federal de Serra,1686
Mandado de Segurança Cível,1ª Vara Federal de Niterói,1673
Mandado de Segurança Cível,16ª Vara Federal do Rio de Janeiro,1660
Mandado de Segurança Cível,2ª Vara Federal do Rio de Janeiro,1639
Mandado de Segurança Cível,19ª Vara Federal do Rio de Janeiro,1623
Mandado de Segurança Cível,6ª Vara Federal do Rio de Janeiro,1620
Mandado de Segurança Cível,32ª Vara Federal do Rio de Janeiro,1609
Mandado de Segurança Cível,24ª Vara Federal do Rio de Janeiro,1606
Mandado de Segurança Cível,26ª Vara Federal do Rio de Janeiro,1588
Mandado de Segurança Cível,3ª Vara Federal de Campos,1556
Mandado de Segurança Cível,4ª Vara Federal de Campos,1528
Mandado de Segurança Cível,20ª Vara Federal do Rio de Janeiro,1518
Mandado de Segurança Cível,30ª Vara Federal do Rio de Janeiro,1494
Mandado de Segurança Cível,14ª Vara Federal do Rio de Janeiro,1492
Mandado de Segurança Cível,28ª Vara Federal do Rio de Janeiro,1469
Mandado de Segurança Cível,Vara Federal de Colatina,1451
Mandado de Segurança Cível,22ª Vara Federal do Rio de Janeiro,1448
Mandado de Segurança Cível,23ª Vara Federal do Rio de Janeiro,1442
Mandado de Segurança Cível,17ª Vara Federal do Rio de Janeiro,1437
Mandado de Segurança Cível,2ª Vara Federal de Duque de Caxias,1436
Mandado de Segurança Cível,2ª Vara Federal de Nova Iguaçu,1436
Mandado de Segurança Cível,10ª Vara Federal do Rio de Janeiro,1418
Mandado de Segurança Cível,27ª Vara Federal do Rio de Janeiro,1400
Mandado de Segurança Cível,4ª Vara Federal do Rio de Janeiro,1386
Mandado de Segurança Cível,2ª Vara Federal de São Pedro da Aldeia,1366
Mandado de Segurança Cível,2ª Vara Federal de Petrópolis,1336
Mandado de Segurança Cível,1ª Vara Federal de Nova Iguaçu,1288
Mandado de Segurança Cível,12ª Vara Federal do Rio de Janeiro,1278
Mandado de Segurança Cível,21ª Vara Federal do Rio de Janeiro,1270
Mandado de Segurança Cível,1ª Vara Federal de Campos,1248
Mandado de Segurança Cível,3ª Vara federal de cachoeiro de itapemirim,1234
Mandado de Segurança Cível,1ª Vara Federal de Volta Redonda,1226
Mandado de Segurança Cível,11ª Vara Federal do Rio de Janeiro,1183
Mandado de Segurança Cível,8ª Vara Federal do Rio de Janeiro,1180
Mandado de Segurança Cível,3ª Vara Federal de Volta Redonda,1149
Mandado de Segurança Cível,5ª Vara Federal de Duque de Caxias,1140
Mandado de Segurança Cível,3ª Vara Federal de Duque de Caxias,1106
Mandado de Segurança Cível,5ª Vara Federal de Nova Iguaçu,1054
Mandado de Segurança Cível,2ª Vara Federal de Cachoeiro do Itapemirim,1052
Mandado de Segurança Cível,7ª Vara Federal do Rio de Janeiro,1019
Mandado de Segurança Cível,1ª Vara Federal de São Pedro da Aldeia,1004
Mandado de Segurança Cível,Vara Federal de Linhares,976
Mandado de Segurança Cível,7ª Vara Federal de São João de Meriti,972
Mandado de Segurança Cível,5ª Vara Federal de Volta Redonda,952
Mandado de Segurança Cível,8ª Vara Federal de São João de Meriti,937
Mandado de Segurança Cível,4ª Vara Federal de Nova Iguaçu,920
Mandado de Segurança Cível,3ª Vara Federal de São Gonçalo,915
Mandado de Segurança Cível,Vara Federal de São Mateus,868
Mandado de Segurança Cível,1ª Vara federal de cachoeiro de itapemirim,854
Mandado de Segurança Cível,2ª Vara Federal de São Gonçalo,839
Mandado de Segurança Cível,15ª Vara Federal do Rio de Janeiro,828
Mandado de Segurança Cível,4ª Vara Federal de Volta Redonda,773
Mandado de Segurança Cível,1ª Vara Federal do Rio de Janeiro,762
Mandado de Segurança Cível,Vara Federal de Três Rios,761
Mandado de Segurança Cível,5ª Vara Federal do Rio de Janeiro,760
Mandado de Segurança Cível,Vara Federal de Magé,760
Mandado de Segurança Cível,Vara Federal de Barra do Piraí,733
Mandado de Segurança Cível,Vara Federal de Teresópolis,717
Mandado de Segurança Cível,Vara Federal de Resende,703
Mandado de Segurança Cível,Vara Federal de Nova Friburgo,654
Mandado de Segurança Cível,1ª Vara Federal de Petrópolis,645
Mandado de Segurança Cível,Vara Federal de Angra dos Reis,617
Mandado de Segurança Cível,3ª Vara Federal de Nova Iguaçu,593
Mandado de Segurança Cível,5ª Vara Federal de São João de Meriti,571
Mandado de Segurança Cível,2ª Vara Federal de Itaboraí,566
Mandado de Segurança Cível,6ª Vara Federal de São João de Meriti,511
Mandado de Segurança Cível,7ª Vara Federal de Niterói,510
Mandado de Segurança Cível,6ª Vara Federal de Niterói,496
Mandado de Segurança Cível,1ª Vara Federal de Itaboraí,412
Mandado de Segurança Cível,3 º Núcleo de Justiça 4.0 - SJRJ - Previdenciário,402
Mandado de Segurança Cível,4º Juizado Especial de Vitória,388
Mandado de Segurança Cível,1 º Núcleo de Justiça 4.0 - SJRJ - Previdenciário,347
Mandado de Segurança Cível,33ª Vara Federal do Rio de Janeiro,337
Mandado de Segurança Cível,2º Juizado Especial Federal de São Gonçalo,324
Mandado de Segurança Cível,35ª Vara Federal do Rio de Janeiro,324
Mandado de Segurança Cível,4ª Vara Federal de São Gonçalo,321
Mandado de Segurança Cível,2ª Vara de Execução Fiscal de São João de Meriti,317
Mandado de Segurança Cível,1ª Vara de Execução Fiscal de São João de Meriti,305
Mandado de Segurança Cível,2 º Núcleo de Justiça 4.0 - SJRJ - Previdenciário,304
Mandado de Segurança Cível,34ª Vara Federal do Rio de Janeiro,294
Mandado de Segurança Cível,7ª Turma Recursal - Juiz Relator 2 - RJ,246
Mandado de Segurança Cível,6ª Turma Recursal - Juiz Relator 3 - RJ,240
Mandado de Segurança Cível,1º Núcleo de Justiça 4.0 - SJES - Previdenciário,226
Mandado de Segurança Cível,8ª Turma Recursal - Juiz Relator 3 - RJ,226
Mandado de Segurança Cível,15º Juizado Especial Federal do Rio de Janeiro,221
Mandado de Segurança Cível,8ª Turma Recursal - Juiz Relator 2 - RJ,219
Mandado de Segurança Cível,4 º Núcleo de Justiça 4.0 - SJRJ - Previdenciário,218
Mandado de Segurança Cível,6ª Turma Recursal - Juiz Relator 1 - RJ,216
Mandado de Segurança Cível,7ª Turma Recursal - Juiz Relator 3 - RJ,215
Mandado de Segurança Cível,2ª Vara Federal de Nova Friburgo,206
Mandado de Segurança Cível,6ª Turma Recursal - Juiz Relator 2 - RJ,205
Mandado de Segurança Cível,8ª Turma Recursal - Juiz Relator 1 - RJ,203
Mandado de Segurança Cível,2ª Turma Recursal - Juiz Relator 1 - RJ,192
Mandado de Segurança Cível,2ª Turma Recursal - Juiz Relator 3 - RJ,189
Mandado de Segurança Cível,2ª Turma Recursal - Juiz Relator 1 - ES,181
Mandado de Segurança Cível,Coordenadoria das Turmas Recursais,181
Mandado de Segurança Cível,2ª Turma Recursal - Juiz Relator 2 - RJ,180
Mandado de Segurança Cível,Gabinete do Juízo Gestor das Turmas Recursais,172
Mandado de Segurança Cível,1ª Turma Recursal - Juiz Relator 3 - RJ,170
Mandado de Segurança Cível,3ª Turma Recursal - Juiz Relator 3 - RJ,167
Mandado de Segurança Cível,3ª Turma Recursal - Juiz Relator 1 - RJ,163
Mandado de Segurança Cível,1ª Turma Recursal - Juiz Relator 1 - RJ,161
Mandado de Segurança Cível,1ª Turma Recursal - Juiz Relator 2 - ES,159
Mandado de Segurança Cível,1ª Turma Recursal - Juiz Relator 2 - RJ,158
Mandado de Segurança Cível,4ª Turma Recursal - Juiz Relator 3 - RJ,157
Mandado de Segurança Cível,5ª Turma Recursal - Juiz Relator 3 - RJ,157
Mandado de Segurança Cível,2ª Turma Recursal - Juiz Relator 3 - ES,153
Mandado de Segurança Cível,4ª Turma Recursal - Juiz Relator 2 - RJ,152
Mandado de Segurança Cível,6º Juizado Especial Federal do Rio de Janeiro,143
Mandado de Segurança Cível,2ª Turma Recursal - Juiz Relator 2 - ES,134
Mandado de Segurança Cível,3ª Turma Recursal - Juiz Relator 2 - RJ,130
Mandado de Segurança Cível,7º Juizado Especial Federal do Rio de Janeiro,128
Mandado de Segurança Cível,1ª Turma Recursal - Juiz Relator 3 - ES,126
Mandado de Segurança Cível,8º Juizado Especial Federal do Rio de Janeiro,121
Mandado de Segurança Cível,13º Juizado Especial Federal do Rio de Janeiro,114
Mandado de Segurança Cível,4ª Turma Recursal - Juiz Relator 1 - RJ,112
Mandado de Segurança Cível,1ª Turma Recursal - Juiz Relator 1 - ES,111
Mandado de Segurança Cível,5ª Turma Recursal - Juiz Relator 2 - RJ,111
Mandado de Segurança Cível,1ª Vara de Execução Fiscal de São Gonçalo,106
Mandado de Segurança Cível,11º Juizado Especial Federal,100
Mandado de Segurança Cível,9º Juizado Especial Federal do Rio de Janeiro,93
Mandado de Segurança Cível,5 º Núcleo de Justiça 4.0 - SJRJ - Previdenciário,89
Mandado de Segurança Cível,14º Juizado Especial Federal do Rio de Janeiro,85
Mandado de Segurança Cível,6 º Núcleo de Justiça 4.0 - SJRJ - Previdenciário,81
Mandado de Segurança Cível,7ª Turma Recursal - Juiz Relator 1 - RJ,79
Mandado de Segurança Cível,GABINETE 03,79
Mandado de Segurança Cível,Gabinete do Juízo Vice-Gestor das Turmas Recursais,72
Mandado de Segurança Cível,GABINETE 02,65
Mandado de Segurança Cível,12º Juizado Especial Federal do Rio de Janeiro,64
Mandado de Segurança Cível,GABINETE 05,64
Mandado de Segurança Cível,GABINETE 23,61
Mandado de Segurança Cível,GABINETE 21,60
Mandado de Segurança Cível,45ª Vara Federal do Rio de Janeiro,59
Mandado de Segurança Cível,GABINETE 06,57
Mandado de Segurança Cível,GABINETE 01,52
Mandado de Segurança Cível,GABINETE 04,52
Mandado de Segurança Cível,Presidência das Turmas Recursais,51
Mandado de Segurança Cível,2ª Turma Recursal do Rio de Janeiro,47
Mandado de Segurança Cível,GABINETE 19,46
Mandado de Segurança Cível,GABINETE 20,43
Mandado de Segurança Cível,GABINETE 24,43
Mandado de Segurança Cível,5ª Turma Recursal - Juiz Relator 1 - RJ,41
Mandado de Segurança Cível,GABINETE 16,41
Mandado de Segurança Cível,GABINETE 18,41
Mandado de Segurança Cível,GABINETE 22,38
Mandado de Segurança Cível,Gabinete da Vice-Presidência,38
Mandado de Segurança Cível,GABINETE 14,35
Mandado de Segurança Cível,GABINETE 17,33
Mandado de Segurança Cível,GABINETE 13,31
Mandado de Segurança Cível,GABINETE 15,31
Mandado de Segurança Cível,GABINETE 30,31
Mandado de Segurança Cível,GABINETE 10,29
Mandado de Segurança Cível,GABINETE 11,28
Mandado de Segurança Cível,GABINETE 26,28
Mandado de Segurança Cível,3ª Vara de Execução Fiscal de Vitória,24
Mandado de Segurança Cível,GABINETE 08,23
Mandado de Segurança Cível,2ª Vara de Execução Fiscal de Vitória,22
Mandado de Segurança Cível,GABINETE 25,22
Mandado de Segurança Cível,GABINETE 29,19
Mandado de Segurança Cível,GABINETE 09,18
Mandado de Segurança Cível,4ª Vara de Execução Fiscal de Vitória,17
Mandado de Segurança Cível,8ª Vara de Execução Fiscal do Rio de Janeiro,16
Mandado de Segurança Cível,CORREGEDORIA,16
Mandado de Segurança Cível,GABINETE 07,16
Mandado de Segurança Cível,6ª Vara de Execução Fiscal do Rio de Janeiro,15
Mandado de Segurança Cível,GABINETE 32,15
Mandado de Segurança Cível,10ª Vara de Execução Fiscal do Rio de Janeiro,14
Mandado de Segurança Cível,11ª Vara de Execução Fiscal do Rio de Janeiro,13
Mandado de Segurança Cível,4ª Vara de Execução Fiscal do Rio de Janeiro,13
Mandado de Segurança Cível,GABINETE 33 - JFC,13
Mandado de Segurança Cível,3ª Vara de Execução Fiscal do Rio de Janeiro,12
Mandado de Segurança Cível,GABINETE 28,12
Mandado de Segurança Cível,1ª Vara de Execução Fiscal do Rio de Janeiro,10
Mandado de Segurança Cível,3º Juizado Especial Federal de Vitória,10
Mandado de Segurança Cível,9ª Vara de Execução Fiscal do Rio de janeiro,10
Mandado de Segurança Cível,GABINETE 31,10
Mandado de Segurança Cível,12ª Vara de Execução Fiscal do Rio de Janeiro,9
Mandado de Segurança Cível,5ª Vara de Execução Fiscal do Rio de Janeiro,9
Mandado de Segurança Cível,GABINETE 12,9
Mandado de Segurança Cível,GABINETE 27,8
Mandado de Segurança Cível,GABINETE 34 - JFC,7
Mandado de Segurança Cível,GABINETE 36 - JFC,7
Mandado de Segurança Cível,GABINETE PRESIDÊNCIA - TRU,6
Mandado de Segurança Cível,2ª Vara de Execução Fiscal do Rio de Janeiro,5
Mandado de Segurança Cível,7ª Vara de Execução Fiscal do Rio de Janeiro,5
Mandado de Segurança Cível,GABINETE 35 - JFC,5
Mandado de Segurança Cível,2ª Vara Federal de Campos,4
Mandado de Segurança Cível,5ª Vara Federal de Niterói,4
Mandado de Segurança Cível,1º Juizado Especial Federal de Vitória,3
Mandado de Segurança Cível,COORDENADORIA DOS JUIZADOS ESPECIAIS FEDERAIS,3
Mandado de Segurança Cível,GABINETE 26 - RJ PREV - TRU,3
Mandado de Segurança Cível,2ª Vara Federal Criminal do Rio de Janeiro,2
Mandado de Segurança Cível,2º Juizado Especial Federal de Vitória,2
Mandado de Segurança Cível,3º Juizado Especial Federal de São Gonçalo,2
Mandado de Segurança Cível,4ª Vara Federal Criminal do Rio de Janeiro,2
Mandado de Segurança Cível,GABINETE 03 - RJ PREV - TRU,2
Mandado de Segurança Cível,GABINETE 16 - ES PREV - TRU,2
Mandado de Segurança Cível,GABINETE 20 - ES PREV - TRU,2
Mandado de Segurança Cível,10ª Vara Federal Criminal do Rio de Janeiro,1
Mandado de Segurança Cível,1ª Vara Federal Criminal de Vitória,1
Mandado de Segurança Cível,2ª Vara Federal de Volta Redonda,1
Mandado de Segurança Cível,3ª Turma Recursal do Rio de Janeiro,1
Mandado de Segurança Cível,Centro Solução Conflitos e Cidadania,1
Mandado de Segurança Cível,GABINETE 08 - RJ PREV - TRU,1
Mandado de Segurança Cível,GABINETE 09 - RJ PREV - TRU,1
Mandado de Segurança Cível,GABINETE 10 - RJ PREV - TRU,1
Mandado de Segurança Cível,GABINETE 19 - ES PREV - TRU,1
Mandado de Segurança Cível,GABINETE 24 - RJ PREV - TRU,1
Mandado de Segurança Cível,GABINETE 27 - RJ PREV - TRU,1
Mandado de Segurança Cível,GABINETE 28 - RJ PREV - TRU,1
Mandado de Segurança Cível,Núcleo de Justiça 4.0,1
Outras classes,9ª Vara Federal Criminal do Rio de Janeiro,5375
Outras classes,Núcleo Permanente de Métodos Consensuais de Solução de Conflitos,4264
Outras classes,2ª Vara Federal de Niterói,3932
Outras classes,Setor de Distribuição do Rio de Janeiro,3184
Outras classes,2ª Vara Federal Criminal de Vitória,3134
Outras classes,1ª Vara Federal Criminal de Vitória,2946
Outras classes,7ª Vara Federal Criminal do Rio de Janeiro,2871
Outras classes,2ª Vara Federal de Campos,2326
Outras classes,8ª Vara Federal Criminal do Rio de Janeiro,2313
Outras classes,4ª Vara Federal Criminal do Rio de Janeiro,2272
Outras classes,1ª Vara Federal de São Pedro da Aldeia,2146
Outras classes,3ª Vara Federal de São João de Meriti,2133
Outras classes,3ª Vara Federal Criminal do Rio de Janeiro,2120
Outras classes,4ª Vara Federal de Vitória,2072
Outras classes,2ª Vara Federal de Volta Redonda,2062
Outras classes,10ª Vara Federal Criminal do Rio de Janeiro,2050
Outras classes,1ª Vara Federal Criminal do Rio de Janeiro,2033
Outras classes,GABINETE 03,1972
Outras classes,1ª Vara federal de cachoeiro de itapemirim,1943
Outras classes,6ª Vara Federal Criminal do Rio de Janeiro,1936
Outras classes,Centro de Solução de Conflitos e Cidadania,1933
Outras classes,GABINETE 06,1814
Outras classes,2ª Vara Federal Criminal do Rio de Janeiro,1738
Outras classes,5ª Vara Federal Criminal do Rio de Janeiro,1728
Outras classes,14ª Vara Federal do Rio de Janeiro,1714
Outras classes,GABINETE 04,1707
Outras classes,Vara Federal de Resende,1657
Outras classes,5ª Vara Federal do Rio de Janeiro,1644
Outras classes,"Seção de Distr., Atend. e Apoio Adm.",1642
Outras classes,4ª Vara Federal de São João de Meriti,1586
Outras classes,23ª Vara Federal do Rio de Janeiro,1529
Outras classes,GABINETE 01,1483
Outras classes,Vara Federal de São Mateus,1419
Outras classes,24ª Vara Federal do Rio de Janeiro,1374
Outras classes,Vara Federal de Macaé,1373
Outras classes,GABINETE 05,1348
Outras classes,20ª Vara Federal do Rio de Janeiro,1327
Outras classes,Vara Federal de Linhares,1298
Outras classes,GABINETE 02,1283
Outras classes,29ª Vara Federal do Rio de Janeiro,1265
Outras classes,22ª Vara Federal do Rio de Janeiro,1240
Outras classes,19ª Vara Federal do Rio de Janeiro,1225
Outras classes,28ª Vara Federal do Rio de Janeiro,1216
Outras classes,30ª Vara Federal do Rio de Janeiro,1196
Outras classes,2ª Vara Federal de Nova Iguaçu,1183
Outras classes,2ª Vara Federal de São Gonçalo,1182
Outras classes,8ª Vara Federal do Rio de Janeiro,1180
Outras classes,GABINETE PRESIDÊNCIA - TRU,1174
Outras classes,Vara Federal de Itaperuna,1160
Outras classes,Gabinete da Vice-Presidência,1158
Outras classes,1ª Vara Federal de Campos,1148
Outras classes,2ª Vara Federal do Rio de Janeiro,1115
Outras classes,1ª Vara Federal de Petrópolis,1112
Outras classes,5ª Vara Federal de Vitória,1109
Outras classes,Vara Federal de Colatina,1103
Outras classes,17ª Vara Federal do Rio de Janeiro,1099
Outras classes,16ª Vara Federal do Rio de Janeiro,1071
Outras classes,26ª Vara Federal do Rio de Janeiro,1071
Outras classes,10ª Vara Federal do Rio de Janeiro,1070
Outras classes,Vara Federal de Angra dos Reis,1051
Outras classes,3ª Vara Federal do Rio de Janeiro,1023
Outras classes,3ª Vara Federal de São Gonçalo,1000
Outras classes,1ª Vara Federal de Duque de Caxias,988
Outras classes,6ª Vara Federal do Rio de Janeiro,981
Outras classes,11ª Vara Federal do Rio de Janeiro,977
Outras classes,21ª Vara Federal do Rio de Janeiro,954
Outras classes,32ª Vara Federal do Rio de Janeiro,909
Outras classes,2ª Vara Federal de Duque de Caxias,905
Outras classes,6ª Vara Federal de São João de Meriti,896
Outras classes,4ª Vara Federal do Rio de Janeiro,852
Outras classes,27ª Vara Federal do Rio de Janeiro,835
Outras classes,Vara Federal de Magé,827
Outras classes,5ª Vara Federal de São João de Meriti,811
Outras classes,4º Juizado Especial de Vitória,758
Outras classes,34ª Vara Federal do Rio de Janeiro,756
Outras classes,GABINETE 26,729
Outras classes,7ª Turma Recursal - Juiz Relator 2 - RJ,721
Outras classes,7ª Turma Recursal - Juiz Relator 3 - RJ,721
Outras classes,18ª Vara Federal do Rio de Janeiro,712
Outras classes,Vara Federal de Nova Friburgo,712
Outras classes,1ª Vara Federal de Niterói,705
Outras classes,6ª Turma Recursal - Juiz Relator 1 - RJ,704
Outras classes,8ª Turma Recursal - Juiz Relator 3 - RJ,696
Outras classes,Vara Federal de Barra do Piraí,693
Outras classes,GABINETE 25,684
Outras classes,3ª Vara Federal de Niterói,671
Outras classes,6ª Turma Recursal - Juiz Relator 3 - RJ,671
Outras classes,8ª Turma Recursal - Juiz Relator 1 - RJ,669
Outras classes,1ª Vara Federal de Itaboraí,644
Outras classes,CESOL - Baixada Fluminense,636
Outras classes,7ª Vara Federal do Rio de Janeiro,635
Outras classes,4ª Vara Federal de Niterói,631
Outras classes,8ª Turma Recursal - Juiz Relator 2 - RJ,618
Outras classes,GABINETE 24,618
Outras classes,6ª Turma Recursal - Juiz Relator 2 - RJ,615
Outras classes,1ª Vara Federal do Rio de Janeiro,613
Outras classes,GABINETE 23,613
Outras classes,Vara Federal de Três Rios,612
Outras classes,GABINETE 20,611
Outras classes,3ª Vara Federal de Volta Redonda,610
Outras classes,15ª Vara Federal do Rio de Janeiro,599
Outras classes,GABINETE 21,588
Outras classes,GABINETE 17,586
Outras classes,6ª Vara Federal de Niterói,574
Outras classes,Vara Federal de Teresópolis,571
Outras classes,Diretoria de São João de Meriti,570
Outras classes,GABINETE 19,563
Outras classes,GABINETE 13,554
Outras classes,GABINETE 15,551
Outras classes,GABINETE 18,549
Outras classes,GABINETE 22,543
Outras classes,GABINETE 16,534
Outras classes,1ª Turma Recursal - Juiz Relator 1 - RJ,521
Outras classes,GABINETE 14,519
Outras classes,1ª Vara Federal de Volta Redonda,514
Outras classes,3ª Vara de Execução Fiscal de Vitória,514
Outras classes,1ª Vara Federal de Serra,513
Outras classes,12ª Vara Federal do Rio de Janeiro,486
Outras classes,2ª Vara Federal de Itaboraí,474
Outras classes,1ª Vara Federal de Nova Iguaçu,467
Outras classes,Setor de Distribuição Criminal de Niterói,453
Outras classes,2ª Vara de Execução Fiscal de Vitória,435
Outras classes,7ª Vara Federal de Niterói,429
Outras classes,CORREGEDORIA,425
Outras classes,Setor de Distribuição Criminal de Campos,407
Outras classes,31ª Vara Federal,388
Outras classes,GABINETE 10,373
Outras classes,Diretoria de Volta Redonda,363
Outras classes,"Seção Contadoria, Distr. Cert de CI",354
Outras classes,4ª Vara de Execução Fiscal de Vitória,350
Outras classes,25ª Vara Federal,339
Outras classes,GABINETE 29,337
Outras classes,35ª Vara Federal do Rio de Janeiro,335
Outras classes,6ª Vara Federal de Vitória,329
Outras classes,GABINETE 32,328
Outras classes,3ª Vara de Execução Fiscal do Rio de Janeiro,326
Outras classes,2ª Vara Federal de Vitória,325
Outras classes,Diretoria de São Pedro da Aldeia,322
Outras classes,1ª Turma Recursal - Juiz Relator 3 - ES,321
Outras classes,15º Juizado Especial Federal do Rio de Janeiro,318
Outras classes,1ª Turma Recursal - Juiz Relator 2 - ES,318
Outras classes,2º Juizado Especial Federal de São Gonçalo,309
Outras classes,13ª Vara Federal,307
Outras classes,2ª Turma Recursal - Juiz Relator 1 - ES,307
Outras classes,4ª Vara Federal de São Gonçalo,296
Outras classes,1ª Turma Recursal - Juiz Relator 1 - ES,284
Outras classes,2ª Turma Recursal - Juiz Relator 2 - ES,284
Outras classes,GABINETE 30,278
Outras classes,1ª Vara de Execução Fiscal de São João de Meriti,272
Outras classes,2ª Turma Recursal - Juiz Relator 3 - ES,268
Outras classes,2ª Vara Federal de Cachoeiro do Itapemirim,266
Outras classes,33ª Vara Federal do Rio de Janeiro,259
Outras classes,11ª Vara de Execução Fiscal do Rio de Janeiro,256
Outras classes,GABINETE 31,255
Outras classes,7ª Vara de Execução Fiscal do Rio de Janeiro,243
Outras classes,Gabinete da Presidência,242
Outras classes,Gabinete do Juízo Gestor das Turmas Recursais,238
Outras classes,2ª Vara de Execução Fiscal de São João de Meriti,235
Outras classes,Diretoria de Macaé,225
Outras classes,CENORTE - Centro de Solução de Conflitos da Região Norte Fluminense,223
Outras classes,GABINETE 11,223
Outras classes,2ª Vara Federal de São Pedro da Aldeia,221
Outras classes,7ª Turma Recursal - Juiz Relator 1 - RJ,219
Outras classes,Diretoria de Nova Friburgo,219
Outras classes,1ª Vara Federal de Vitória,211
Outras classes,9ª Vara de Execução Fiscal do Rio de janeiro,210
Outras classes,Setor de Distribuição do Rio de Janeiro (Rio Branco),210
Outras classes,"Seção Contadoria, Distr. Cert. S. Mateus",199
Outras classes,9ª Vara Federal,198
Outras classes,Centro Judiciário Regional de Solução Consensual de Conflitos e Cidadania - CESNITA,196
Outras classes,Diretoria de Petrópolis,193
Outras classes,6ª Vara de Execução Fiscal do Rio de Janeiro,190
Outras classes,Centro de Solução de Conflitos da CESUL - Sul Fluminense,189
Outras classes,45ª Vara Federal do Rio de Janeiro,184
Outras classes,8ª Vara de Execução Fiscal do Rio de Janeiro,181
Outras classes,5ª Vara de Execução Fiscal do Rio de Janeiro,179
Outras classes,2ª Turma Recursal - Juiz Relator 2 - RJ,177
Outras classes,CENTRO SOLUÇÃO CONFLITOS E CIDADANIA - SÃO GONÇALO,177
Outras classes,GABINETE 08,175
Outras classes,1ª Turma Recursal - Juiz Relator 3 - RJ,172
Outras classes,GABINETE 07,171
Outras classes,4ª Turma Recursal - Juiz Relator 1 - RJ,170
Outras classes,3ª Turma Recursal - Juiz Relator 3 - RJ,167
Outras classes,2ª Turma Recursal - Juiz Relator 1 - RJ,166
Outras classes,Centro Solução Conflitos e Cidadania,163
Outras classes,GABINETE 12,162
Outras classes,12ª Vara de Execução Fiscal do Rio de Janeiro,161
Outras classes,4ª Vara Federal de Campos,161
Outras classes,4ª Turma Recursal - Juiz Relator 2 - RJ,160
Outras classes,"Seção Contadoria, Distr. Cert. Serra",158
Outras classes,4ª Vara de Execução Fiscal do Rio de Janeiro,157
Outras classes,3ª Turma Recursal - Juiz Relator 2 - RJ,154
Outras classes,"Seção Contadoria, Distr. Cert. Colatina",154
Outras classes,2ª Vara de Execução Fiscal do Rio de Janeiro,152
Outras classes,10ª Vara de Execução Fiscal do Rio de Janeiro,151
Outras classes,1ª Turma Recursal - Juiz Relator 2 - RJ,146
Outras classes,Diretoria de Itaperuna,143
Outras classes,GABINETE 09,143
Outras classes,1ª Vara de Execução Fiscal de São Gonçalo,141
Outras classes,2ª Turma Recursal - Juiz Relator 3 - RJ,140
Outras classes,3ª Turma Recursal - Juiz Relator 1 - RJ,139
Outras classes,5ª Turma Recursal - Juiz Relator 2 - RJ,139
Outras classes,"Seção Contadoria, Distr. Cert. Linhares",125
Outras classes,4ª Turma Recursal - Juiz Relator 3 - RJ,123
Outras classes,5ª Turma Recursal - Juiz Relator 3 - RJ,121
Outras classes,Diretoria de Barra do Piraí,120
Outras classes,Diretoria de Itaboraí,113
Outras classes,Coordenadoria das Turmas Recursais,112
Outras classes,Diretoria de Angra dos Reis,112
Outras classes,Diretoria de Três Rios,106
Outras classes,1ª Vara de Execução Fiscal do Rio de Janeiro,103
Outras classes,COORDENADORIA DOS JUIZADOS ESPECIAIS FEDERAIS,103
Outras classes,Diretoria de Resende,100
Outras classes,2ª Vara Federal de Petrópolis,96
Outras classes,6º Juizado Especial Federal do Rio de Janeiro,91
Outras classes,Centro de Solução de Conflitos de São Pedro da Aldeia - CESOL - SPA,91
Outras classes,Diretoria de Teresópolis,78
Outras classes,4ª Vara Federal de Volta Redonda,76
Outras classes,5ª Vara Federal de Niterói,76
Outras classes,13º Juizado Especial Federal do Rio de Janeiro,75
Outras classes,Gabinete do Juízo Vice-Gestor das Turmas Recursais,72
Outras classes,Diretoria de São Gonçalo,71
Outras classes,4ª Vara Federal de Nova Iguaçu,69
Outras classes,3ª Vara Federal de Campos,68
Outras classes,3ª Vara federal de cachoeiro de itapemirim,68
Outras classes,4ª Vara Federal de Duque de Caxias,64
Outras classes,GABINETE 34 - JFC,64
Outras classes,Diretoria de Niterói,61
Outras classes,GABINETE 28,60
Outras classes,GABINETE 33 - JFC,60
Outras classes,5ª Vara Federal de Duque de Caxias,58
Outras classes,Diretoria de Magé,57
Outras classes,GABINETE 27,57
Outras classes,7ª Vara Federal de São João de Meriti,40
Outras classes,Diretoria de Duque de Caxias,40
Outras classes,GABINETE 36 - JFC,40
Outras classes,3ª Vara Federal de Duque de Caxias,38
Outras classes,9º Juizado Especial Federal do Rio de Janeiro,38
Outras classes,Diretoria de Nova Iguaçu,35
Outras classes,5ª Vara Federal de Volta Redonda,34
Outras classes,2ª Vara Federal de Nova Friburgo,33
Outras classes,7º Juizado Especial Federal do Rio de Janeiro,31
Outras classes,8ª Vara Federal de São João de Meriti,26
Outras classes,12º Juizado Especial Federal do Rio de Janeiro,24
Outras classes,5ª Vara Federal de Nova Iguaçu,24
Outras classes,GABINETE 11 - RJ PREV - TRU,22
Outras classes,GABINETE 22 - RJ PREV - TRU,21
Outras classes,GABINETE 35 - JFC,21
Outras classes,GABINETE 13 - RJ PREV - TRU,20
Outras classes,Subsecretaria de Distribuição de Atividades Judiciárias,20
Outras classes,5ª Turma Recursal - Juiz Relator 1 - RJ,19
Outras classes,GABINETE 12 - RJ PREV - TRU,19
Outras classes,GABINETE 14 - ES PREV - TRU,19
Outras classes,GABINETE 17 - ES PREV - TRU,19
Outras classes,GABINETE 19 - ES PREV - TRU,19
Outras classes,CEJUSC Ambiental - Centro Judiciário Ambiental ,18
Outras classes,GABINETE 20 - ES PREV - TRU,18
Outras classes,GABINETE 26 - RJ PREV - TRU,18
Outras classes,14º Juizado Especial Federal do Rio de Janeiro,17
Outras classes,3ª Vara Federal de Nova Iguaçu,17
Outras classes,GABINETE 08 - RJ PREV - TRU,17
Outras classes,GABINETE 25 - RJ PREV - TRU,17
Outras classes,GABINETE 10 - RJ PREV - TRU,16
Outras classes,GABINETE 21 - ES PREV - TRU,16
Outras classes,GABINETE 27 - RJ PREV - TRU,16
Outras classes,GABINETE 16 - ES PREV - TRU,15
Outras classes,2 º Núcleo de Justiça 4.0 - SJRJ - Previdenciário,14
Outras classes,2º Juizado Especial Federal de Vitória,14
Outras classes,8º Juizado Especial Federal do Rio de Janeiro,13
Outras classes,4 º Núcleo de Justiça 4.0 - SJRJ - Previdenciário,12
Outras classes,GABINETE 04 - RJ PREV - TRU,11
Outras classes,1 º Núcleo de Justiça 4.0 - SJRJ - Previdenciário,10
Outras classes,GABINETE 05 - RJ PREV - TRU,10
Outras classes,Juizado Especial Federal de Resende,10
Outras classes,1º Juizado Especial Federal de Vitória,9
Outras classes,Diretoria de Campos,9
Outras classes,GABINETE 02 - RJ PREV - TRU,9
Outras classes,GABINETE 07 - RJ PREV - TRU,9
Outras classes,GABINETE 23 - RJ PREV - TRU,9
Outras classes,GABINETE 30 - RJ PREV - TRU,9
Outras classes,GABINETE 06 - RJ PREV - TRU,8
Outras classes,GABINETE 24 - RJ PREV - TRU,8
Outras classes,GABINETE 28 - RJ PREV - TRU,8
Outras classes,Plantão,8
Outras classes,3º Juizado Especial Federal de São Gonçalo,6
Outras classes,GABINETE 01 - RJ PREV - TRU,6
Outras classes,GABINETE 09 - RJ PREV - TRU,6
Outras classes,GABINETE 15 - RJ PREV - TRU,6
Outras classes,GABINETE 29 - RJ PREV - TRU,6
Outras classes,11º Juizado Especial Federal,5
Outras classes,6 º Núcleo de Justiça 4.0 - SJRJ - Previdenciário,5
Outras classes,GABINETE 18 - RJ PREV - TRU,5
Outras classes,3 º Núcleo de Justiça 4.0 - SJRJ - Previdenciário,4
Outras classes,Centro Judiciário de Saúde - CEJUSC Saúde,4
Outras classes,Centro Judiciário de Solução de Conflitos e Cidadania - CEJUSC de Nova Iguaçu,4
Outras classes,Presidência das Turmas Recursais,4
Outras classes,1º Núcleo de Justiça 4.0 - SJES - Previdenciário,3
Outras classes,5 º Núcleo de Justiça 4.0 - SJRJ - Previdenciário,3
Outras classes,GABINETE 03 - RJ PREV - TRU,3
Outras classes,3º Juizado Especial Federal de Vitória,1
Outras classes,Centro Judiciário de Solução de Conflitos e Cidadania - CEJUSC de Barra do Piraí,1
Outras classes,Centro Judiciário de Solução de Conflitos e Cidadania - CEJUSC de Itaperuna,1
Outras classes,Centro Judiciário de Solução de Conflitos e Cidadania - CEJUSC de Petrópolis,1
Outras classes,Centro de Solução de Conflitos de Magé - CESOL - MAG,1
Procedimento Comum Cível,1ª Vara Federal de Serra,5269
Procedimento Comum Cível,13ª Vara Federal,4150
Procedimento Comum Cível,25ª Vara Federal,4141
Procedimento Comum Cível,4ª Vara Federal de Vitória,3987
Procedimento Comum Cível,31ª Vara Federal,3943
Procedimento Comum Cível,9ª Vara Federal,3721
Procedimento Comum Cível,2ª Vara Federal de Vitória,3403
Procedimento Comum Cível,6ª Vara Federal de Vitória,3126
Procedimento Comum Cível,5ª Vara Federal de Vitória,3017
Procedimento Comum Cível,12ª Vara Federal do Rio de Janeiro,2938
Procedimento Comum Cível,1ª Vara Federal de Vitória,2916
Procedimento Comum Cível,3ª Vara Federal de São Gonçalo,2574
Procedimento Comum Cível,18ª Vara Federal do Rio de Janeiro,2498
Procedimento Comum Cível,Vara Federal de Macaé,2473
Procedimento Comum Cível,Vara Federal de Linhares,2390
Procedimento Comum Cível,23ª Vara Federal do Rio de Janeiro,2357
Procedimento Comum Cível,3ª Vara Federal de Niterói,2282
Procedimento Comum Cível,26ª Vara Federal do Rio de Janeiro,2224
Procedimento Comum Cível,2ª Vara Federal de São Gonçalo,2164
Procedimento Comum Cível,24ª Vara Federal do Rio de Janeiro,2142
Procedimento Comum Cível,1ª Vara Federal de São Pedro da Aldeia,2130
Procedimento Comum Cível,4ª Vara Federal de Niterói,2126
Procedimento Comum Cível,19ª Vara Federal do Rio de Janeiro,2111
Procedimento Comum Cível,14ª Vara Federal do Rio de Janeiro,2037
Procedimento Comum Cível,1ª Vara Federal de Duque de Caxias,2032
Procedimento Comum Cível,28ª Vara Federal do Rio de Janeiro,2023
Procedimento Comum Cível,6ª Vara Federal do Rio de Janeiro,2003
Procedimento Comum Cível,10ª Vara Federal do Rio de Janeiro,1983
Procedimento Comum Cível,32ª Vara Federal do Rio de Janeiro,1951
Procedimento Comum Cível,30ª Vara Federal do Rio de Janeiro,1945
Procedimento Comum Cível,2ª Vara Federal do Rio de Janeiro,1917
Procedimento Comum Cível,16ª Vara Federal do Rio de Janeiro,1913
Procedimento Comum Cível,22ª Vara Federal do Rio de Janeiro,1874
Procedimento Comum Cível,3ª Vara Federal do Rio de Janeiro,1870
Procedimento Comum Cível,4ª Vara Federal do Rio de Janeiro,1861
Procedimento Comum Cível,29ª Vara Federal do Rio de Janeiro,1853
Procedimento Comum Cível,20ª Vara Federal do Rio de Janeiro,1850
Procedimento Comum Cível,21ª Vara Federal do Rio de Janeiro,1833
Procedimento Comum Cível,3ª Vara Federal de Volta Redonda,1833
Procedimento Comum Cível,2ª Vara Federal de Nova Iguaçu,1831
Procedimento Comum Cível,1ª Vara Federal de Niterói,1779
Procedimento Comum Cível,1ª Vara federal de cachoeiro de itapemirim,1750
Procedimento Comum Cível,1ª Vara Federal de Volta Redonda,1732
Procedimento Comum Cível,27ª Vara Federal do Rio de Janeiro,1731
Procedimento Comum Cível,17ª Vara Federal do Rio de Janeiro,1727
Procedimento Comum Cível,2ª Vara Federal de Duque de Caxias,1708
Procedimento Comum Cível,8ª Vara Federal do Rio de Janeiro,1679
Procedimento Comum Cível,1ª Vara Federal de Campos,1631
Procedimento Comum Cível,11ª Vara Federal do Rio de Janeiro,1538
Procedimento Comum Cível,6ª Vara Federal de São João de Meriti,1529
Procedimento Comum Cível,5ª Vara Federal de São João de Meriti,1463
Procedimento Comum Cível,Vara Federal de Teresópolis,1384
Procedimento Comum Cível,1ª Vara Federal de Nova Iguaçu,1366
Procedimento Comum Cível,Vara Federal de Colatina,1337
Procedimento Comum Cível,Vara Federal de Itaperuna,1326
Procedimento Comum Cível,7ª Vara Federal do Rio de Janeiro,1309
Procedimento Comum Cível,Vara Federal de Resende,1265
Procedimento Comum Cível,Vara Federal de São Mateus,1263
Procedimento Comum Cível,Vara Federal de Angra dos Reis,1189
Procedimento Comum Cível,Vara Federal de Nova Friburgo,1167
Procedimento Comum Cível,1ª Vara Federal de Petrópolis,1157
Procedimento Comum Cível,2ª Vara Federal de Itaboraí,1148
Procedimento Comum Cível,2ª Vara Federal de São Pedro da Aldeia,1144
Procedimento Comum Cível,Vara Federal de Barra do Piraí,1136
Procedimento Comum Cível,Vara Federal de Magé,1080
Procedimento Comum Cível,4º Juizado Especial de Vitória,1023
Procedimento Comum Cível,8ª Vara Federal de São João de Meriti,962
Procedimento Comum Cível,5ª Vara Federal do Rio de Janeiro,947
Procedimento Comum Cível,2ª Vara Federal de Cachoeiro do Itapemirim,930
Procedimento Comum Cível,1ª Vara Federal do Rio de Janeiro,923
Procedimento Comum Cível,1ª Vara Federal de Itaboraí,868
Procedimento Comum Cível,4ª Vara Federal de Volta Redonda,855
Procedimento Comum Cível,7ª Vara Federal de São João de Meriti,851
Procedimento Comum Cível,Vara Federal de Três Rios,847
Procedimento Comum Cível,3ª Vara Federal de Duque de Caxias,807
Procedimento Comum Cível,15ª Vara Federal do Rio de Janeiro,803
Procedimento Comum Cível,5ª Vara Federal de Volta Redonda,803
Procedimento Comum Cível,4ª Vara Federal de São Gonçalo,797
Procedimento Comum Cível,5ª Vara Federal de Duque de Caxias,774
Procedimento Comum Cível,3ª Vara federal de cachoeiro de itapemirim,719
Procedimento Comum Cível,4ª Vara Federal de Duque de Caxias,715
Procedimento Comum Cível,2º Juizado Especial Federal de São Gonçalo,684
Procedimento Comum Cível,2ª Vara Federal de Petrópolis,664
Procedimento Comum Cível,4ª Vara Federal de Nova Iguaçu,661
Procedimento Comum Cível,5ª Vara Federal de Nova Iguaçu,646
Procedimento Comum Cível,6ª Vara Federal de Niterói,505
Procedimento Comum Cível,7ª Vara Federal de Niterói,503
Procedimento Comum Cível,3ª Vara Federal de Campos,471
Procedimento Comum Cível,34ª Vara Federal do Rio de Janeiro,467
Procedimento Comum Cível,4ª Vara Federal de Campos,457
Procedimento Comum Cível,33ª Vara Federal do Rio de Janeiro,427
Procedimento Comum Cível,35ª Vara Federal do Rio de Janeiro,388
Procedimento Comum Cível,1ª Vara de Execução Fiscal de São Gonçalo,329
Procedimento Comum Cível,3ª Vara Federal de Nova Iguaçu,282
Procedimento Comum Cível,12º Juizado Especial Federal do Rio de Janeiro,281
Procedimento Comum Cível,45ª Vara Federal do Rio de Janeiro,281
Procedimento Comum Cível,15º Juizado Especial Federal do Rio de Janeiro,280
Procedimento Comum Cível,8º Juizado Especial Federal do Rio de Janeiro,249
Procedimento Comum Cível,14º Juizado Especial Federal do Rio de Janeiro,243
Procedimento Comum Cível,9º Juizado Especial Federal do Rio de Janeiro,240
Procedimento Comum Cível,3 º Núcleo de Justiça 4.0 - SJRJ - Previdenciário,220
Procedimento Comum Cível,11º Juizado Especial Federal,218
Procedimento Comum Cível,4 º Núcleo de Justiça 4.0 - SJRJ - Previdenciário,216
Procedimento Comum Cível,1 º Núcleo de Justiça 4.0 - SJRJ - Previdenciário,213
Procedimento Comum Cível,2 º Núcleo de Justiça 4.0 - SJRJ - Previdenciário,212
Procedimento Comum Cível,13º Juizado Especial Federal do Rio de Janeiro,207
Procedimento Comum Cível,6º Juizado Especial Federal do Rio de Janeiro,203
Procedimento Comum Cível,2ª Vara Federal de Nova Friburgo,201
Procedimento Comum Cível,7º Juizado Especial Federal do Rio de Janeiro,199
Procedimento Comum Cível,2ª Vara de Execução Fiscal de Vitória,183
Procedimento Comum Cível,6 º Núcleo de Justiça 4.0 - SJRJ - Previdenciário,178
Procedimento Comum Cível,5 º Núcleo de Justiça 4.0 - SJRJ - Previdenciário,168
Procedimento Comum Cível,3ª Vara de Execução Fiscal de Vitória,155
Procedimento Comum Cível,4ª Vara de Execução Fiscal de Vitória,144
Procedimento Comum Cível,1º Núcleo de Justiça 4.0 - SJES - Previdenciário,130
Procedimento Comum Cível,10ª Vara de Execução Fiscal do Rio de Janeiro,114
Procedimento Comum Cível,11ª Vara de Execução Fiscal do Rio de Janeiro,114
Procedimento Comum Cível,4ª Vara de Execução Fiscal do Rio de Janeiro,104
Procedimento Comum Cível,6ª Vara de Execução Fiscal do Rio de Janeiro,102
Procedimento Comum Cível,2ª Vara de Execução Fiscal do Rio de Janeiro,93
Procedimento Comum Cível,Núcleo Permanente de Métodos Consensuais de Solução de Conflitos,93
Procedimento Comum Cível,7ª Vara de Execução Fiscal do Rio de Janeiro,85
Procedimento Comum Cível,5ª Vara de Execução Fiscal do Rio de Janeiro,84
Procedimento Comum Cível,1ª Vara de Execução Fiscal do Rio de Janeiro,82
Procedimento Comum Cível,12ª Vara de Execução Fiscal do Rio de Janeiro,78
Procedimento Comum Cível,8ª Vara de Execução Fiscal do Rio de Janeiro,78
Procedimento Comum Cível,1ª Vara de Execução Fiscal de São João de Meriti,74
Procedimento Comum Cível,3ª Vara de Execução Fiscal do Rio de Janeiro,71
Procedimento Comum Cível,2ª Vara de Execução Fiscal de São João de Meriti,66
Procedimento Comum Cível,9ª Vara de Execução Fiscal do Rio de janeiro,65
Procedimento Comum Cível,5ª Vara Federal de Niterói,61
Procedimento Comum Cível,Centro de Solução de Conflitos e Cidadania,45
Procedimento Comum Cível,Central de Perícias - SJES,28
Procedimento Comum Cível,Central de Perícias - SJRJ,26
Procedimento Comum Cível,2ª Vara Federal de Campos,24
Procedimento Comum Cível,Plantão,21
Procedimento Comum Cível,Núcleo de Justiça 4.0,12
Procedimento Comum Cível,Centro Solução Conflitos e Cidadania,11
Procedimento Comum Cível,Central de Perícias - Macaé,8
Procedimento Comum Cível,Central de Perícias - São Pedro da Aldeia,7
Procedimento Comum Cível,Central de Perícias - Campos,6
Procedimento Comum Cível,1º Juizado Especial Federal de Vitória,5
Procedimento Comum Cível,Central de Perícias - Duque de Caxias,4
Procedimento Comum Cível,Central de Perícias - Niterói,4
Procedimento Comum Cível,Central de Perícias - Volta Redonda,3
Procedimento Comum Cível,Diretoria de Campos,3
Procedimento Comum Cível,Diretoria de Nova Iguaçu,3
Procedimento Comum Cível,Diretoria de São Pedro da Aldeia,3
Procedimento Comum Cível,2º Juizado Especial Federal de Vitória,2
Procedimento Comum Cível,CENTRO SOLUÇÃO CONFLITOS E CIDADANIA - SÃO GONÇALO,2
Procedimento Comum Cível,Central de Perícias - Itaboraí,2
Procedimento Comum Cível,Central de Perícias - Itaperuna,2
Procedimento Comum Cível,Central de Perícias - Nova Iguaçu,2
Procedimento Comum Cível,Central de Perícias - São Gonçalo,2
Procedimento Comum Cível,Central de Perícias - Teresópolis,2
Procedimento Comum Cível,Centro Judiciário Regional de Solução Consensual de Conflitos e Cidadania - CESNITA,2
Procedimento Comum Cível,Centro Judiciário de Solução de Conflitos e Cidadania - CEJUSC de Barra do Piraí,2
Procedimento Comum Cível,Diretoria de Duque de Caxias,2
Procedimento Comum Cível,Diretoria de Petrópolis,2
Procedimento Comum Cível,Setor de Distribuição do Rio de Janeiro (Rio Branco),2
Procedimento Comum Cível,Subsecretaria de Distribuição de Atividades Judiciárias,2
Procedimento Comum Cível,1ª Turma Recursal - Juiz Relator 2 - ES,1
Procedimento Comum Cível,2ª Turma Recursal - Juiz Relator 1 - RJ,1
Procedimento Comum Cível,3ª Turma Recursal - Juiz Relator 1 - RJ,1
Procedimento Comum Cível,3ª Turma Recursal - Juiz Relator 2 - RJ,1
Procedimento Comum Cível,3ª Vara Federal de São João de Meriti,1
Procedimento Comum Cível,3º Juizado Especial Federal de São Gonçalo,1
Procedimento Comum Cível,3º Juizado Especial Federal de Vitória,1
Procedimento Comum Cível,4ª Turma Recursal - Juiz Relator 1 - RJ,1
Procedimento Comum Cível,5ª Turma Recursal - Juiz Relator 3 - RJ,1
Procedimento Comum Cível,6ª Turma Recursal - Juiz Relator 1 - RJ,1
Procedimento Comum Cível,6ª Turma Recursal - Juiz Relator 2 - RJ,1
Procedimento Comum Cível,Central de Perícias - Angra dos Reis,1
Procedimento Comum Cível,Central de Perícias - Nova Friburgo,1
Procedimento Comum Cível,Central de Perícias - São João de Meriti,1
Procedimento Comum Cível,Central de Perícias - Três Rios,1
Procedimento Comum Cível,Centro Judiciário de Solução de Conflitos e Cidadania - CEJUSC de Duque de Caxias,1
Procedimento Comum Cível,Centro Judiciário de Solução de Conflitos e Cidadania - CEJUSC de Três Rios,1
Procedimento Comum Cível,Diretoria de São Gonçalo,1
Procedimento Comum Cível,Diretoria de São João de Meriti,1
Procedimento Comum Cível,Diretoria de Volta Redonda,1
Procedimento Comum Cível,Juizado Especial Federal de Resende,1
Procedimento Comum Cível,Presidência das Turmas Recursais,1
Procedimento do Juizado Especial Cível,2º Juizado Especial Federal de Vitória,46958
Procedimento do Juizado Especial Cível,5ª Vara Federal do Rio de Janeiro,24584
Procedimento do Juizado Especial Cível,1ª Vara Federal de Serra,24119
Procedimento do Juizado Especial Cível,Vara Federal de Colatina,23615
Procedimento do Juizado Especial Cível,35ª Vara Federal do Rio de Janeiro,23275
Procedimento do Juizado Especial Cível,34ª Vara Federal do Rio de Janeiro,22874
Procedimento do Juizado Especial Cível,1º Juizado Especial Federal de Vitória,22770
Procedimento do Juizado Especial Cível,33ª Vara Federal do Rio de Janeiro,22303
Procedimento do Juizado Especial Cível,1ª Vara Federal do Rio de Janeiro,22280
Procedimento do Juizado Especial Cível,Vara Federal de Itaperuna,22240
Procedimento do Juizado Especial Cível,Vara Federal de Magé,21934
Procedimento do Juizado Especial Cível,Vara Federal de Macaé,20415
Procedimento do Juizado Especial Cível,15ª Vara Federal do Rio de Janeiro,20283
Procedimento do Juizado Especial Cível,3º Juizado Especial Federal de Vitória,20180
Procedimento do Juizado Especial Cível,15º Juizado Especial Federal do Rio de Janeiro,19369
Procedimento do Juizado Especial Cível,9º Juizado Especial Federal do Rio de Janeiro,18010
Procedimento do Juizado Especial Cível,11º Juizado Especial Federal,17898
Procedimento do Juizado Especial Cível,3ª Vara federal de cachoeiro de itapemirim,17522
Procedimento do Juizado Especial Cível,8º Juizado Especial Federal do Rio de Janeiro,17477
Procedimento do Juizado Especial Cível,Vara Federal de São Mateus,17160
Procedimento do Juizado Especial Cível,Vara Federal de Linhares,16776
Procedimento do Juizado Especial Cível,7º Juizado Especial Federal do Rio de Janeiro,16377
Procedimento do Juizado Especial Cível,7ª Vara Federal de Niterói,15828
Procedimento do Juizado Especial Cível,6ª Vara Federal de Niterói,15514
Procedimento do Juizado Especial Cível,1ª Vara Federal de Campos,15296
Procedimento do Juizado Especial Cível,6º Juizado Especial Federal do Rio de Janeiro,15171
Procedimento do Juizado Especial Cível,7ª Vara Federal de São João de Meriti,14906
Procedimento do Juizado Especial Cível,12º Juizado Especial Federal do Rio de Janeiro,14731
Procedimento do Juizado Especial Cível,45ª Vara Federal do Rio de Janeiro,14697
Procedimento do Juizado Especial Cível,8ª Vara Federal de São João de Meriti,14562
Procedimento do Juizado Especial Cível,4ª Vara Federal de São Gonçalo,14559
Procedimento do Juizado Especial Cível,3ª Vara Federal de Duque de Caxias,14422
Procedimento do Juizado Especial Cível,14º Juizado Especial Federal do Rio de Janeiro,14386
Procedimento do Juizado Especial Cível,2ª Vara Federal de Nova Friburgo,13905
Procedimento do Juizado Especial Cível,13º Juizado Especial Federal do Rio de Janeiro,13714
Procedimento do Juizado Especial Cível,2º Juizado Especial Federal de São Gonçalo,13659
Procedimento do Juizado Especial Cível,4ª Vara Federal de Nova Iguaçu,13496
Procedimento do Juizado Especial Cível,5ª Vara Federal de Nova Iguaçu,13477
Procedimento do Juizado Especial Cível,2ª Vara Federal de São Pedro da Aldeia,13179
Procedimento do Juizado Especial Cível,5ª Vara Federal de Duque de Caxias,13052
Procedimento do Juizado Especial Cível,5ª Vara Federal de Volta Redonda,13002
Procedimento do Juizado Especial Cível,4ª Vara Federal de Duque de Caxias,12775
Procedimento do Juizado Especial Cível,3ª Vara Federal de Campos,12463
Procedimento do Juizado Especial Cível,1ª Vara Federal de Itaboraí,12074
Procedimento do Juizado Especial Cível,4ª Vara Federal de Volta Redonda,11909
Procedimento do Juizado Especial Cível,1ª Vara Federal de São Pedro da Aldeia,11771
Procedimento do Juizado Especial Cível,4ª Vara Federal de Campos,11612
Procedimento do Juizado Especial Cível,1ª Vara federal de cachoeiro de itapemirim,11089
Procedimento do Juizado Especial Cível,2ª Vara Federal de Duque de Caxias,10516
Procedimento do Juizado Especial Cível,2ª Vara Federal de Itaboraí,10439
Procedimento do Juizado Especial Cível,Vara Federal de Barra do Piraí,10177
Procedimento do Juizado Especial Cível,1ª Vara Federal de Duque de Caxias,10111
Procedimento do Juizado Especial Cível,Vara Federal de Três Rios,10073
Procedimento do Juizado Especial Cível,2ª Vara Federal de Nova Iguaçu,9996
Procedimento do Juizado Especial Cível,2ª Vara Federal de Cachoeiro do Itapemirim,9550
Procedimento do Juizado Especial Cível,4º Juizado Especial de Vitória,9409
Procedimento do Juizado Especial Cível,Vara Federal de Teresópolis,9295
Procedimento do Juizado Especial Cível,3ª Vara Federal de Nova Iguaçu,9204
Procedimento do Juizado Especial Cível,1ª Vara Federal de Nova Iguaçu,9116
Procedimento do Juizado Especial Cível,Vara Federal de Angra dos Reis,8682
Procedimento do Juizado Especial Cível,2ª Vara Federal de Petrópolis,7710
Procedimento do Juizado Especial Cível,Vara Federal de Resende,7673
Procedimento do Juizado Especial Cível,3ª Vara Federal de Volta Redonda,7629
Procedimento do Juizado Especial Cível,3º Juizado Especial Federal de São Gonçalo,7557
Procedimento do Juizado Especial Cível,1ª Vara Federal de Petrópolis,7478
Procedimento do Juizado Especial Cível,5ª Vara Federal de São João de Meriti,7460
Procedimento do Juizado Especial Cível,6ª Vara Federal de São João de Meriti,7367
Procedimento do Juizado Especial Cível,1ª Vara Federal de Volta Redonda,7353
Procedimento do Juizado Especial Cível,3ª Vara Federal de São Gonçalo,4463
Procedimento do Juizado Especial Cível,2ª Vara Federal de São Gonçalo,3986
Procedimento do Juizado Especial Cível,1º Núcleo de Justiça 4.0 - SJES - Previdenciário,2553
Procedimento do Juizado Especial Cível,3 º Núcleo de Justiça 4.0 - SJRJ - Previdenciário,2495
Procedimento do Juizado Especial Cível,2 º Núcleo de Justiça 4.0 - SJRJ - Previdenciário,2458
Procedimento do Juizado Especial Cível,1 º Núcleo de Justiça 4.0 - SJRJ - Previdenciário,2398
Procedimento do Juizado Especial Cível,4 º Núcleo de Justiça 4.0 - SJRJ - Previdenciário,2363
Procedimento do Juizado Especial Cível,Juizado Especial Federal de Resende,2333
Procedimento do Juizado Especial Cível,5 º Núcleo de Justiça 4.0 - SJRJ - Previdenciário,2115
Procedimento do Juizado Especial Cível,6 º Núcleo de Justiça 4.0 - SJRJ - Previdenciário,1996
Procedimento do Juizado Especial Cível,7ª Vara Federal do Rio de Janeiro,1953
Procedimento do Juizado Especial Cível,Centro de Solução de Conflitos e Cidadania,1920
Procedimento do Juizado Especial Cível,18ª Vara Federal do Rio de Janeiro,1757
Procedimento do Juizado Especial Cível,Vara Federal de Nova Friburgo,1746
Procedimento do Juizado Especial Cível,9ª Vara Federal,1740
Procedimento do Juizado Especial Cível,4ª Vara Federal de Niterói,1714
Procedimento do Juizado Especial Cível,3ª Vara Federal de Niterói,1698
Procedimento do Juizado Especial Cível,1ª Vara Federal de Niterói,1648
Procedimento do Juizado Especial Cível,31ª Vara Federal,1540
Procedimento do Juizado Especial Cível,12ª Vara Federal do Rio de Janeiro,1498
Procedimento do Juizado Especial Cível,13ª Vara Federal,1339
Procedimento do Juizado Especial Cível,25ª Vara Federal,1198
Procedimento do Juizado Especial Cível,2ª Vara Federal de Vitória,1007
Procedimento do Juizado Especial Cível,1ª Vara Federal de Vitória,966
Procedimento do Juizado Especial Cível,24ª Vara Federal do Rio de Janeiro,928
Procedimento do Juizado Especial Cível,6ª Vara Federal de Vitória,916
Procedimento do Juizado Especial Cível,11ª Vara Federal do Rio de Janeiro,872
Procedimento do Juizado Especial Cível,17ª Vara Federal do Rio de Janeiro,854
Procedimento do Juizado Especial Cível,21ª Vara Federal do Rio de Janeiro,845
Procedimento do Juizado Especial Cível,22ª Vara Federal do Rio de Janeiro,835
Procedimento do Juizado Especial Cível,28ª Vara Federal do Rio de Janeiro,831
Procedimento do Juizado Especial Cível,1ª Vara de Execução Fiscal de São João de Meriti,807
Procedimento do Juizado Especial Cível,6ª Vara de Execução Fiscal do Rio de Janeiro,786
Procedimento do Juizado Especial Cível,20ª Vara Federal do Rio de Janeiro,785
Procedimento do Juizado Especial Cível,19ª Vara Federal do Rio de Janeiro,772
Procedimento do Juizado Especial Cível,16ª Vara Federal do Rio de Janeiro,770
Procedimento do Juizado Especial Cível,29ª Vara Federal do Rio de Janeiro,758
Procedimento do Juizado Especial Cível,10ª Vara Federal do Rio de Janeiro,749
Procedimento do Juizado Especial Cível,30ª Vara Federal do Rio de Janeiro,745
Procedimento do Juizado Especial Cível,8ª Vara Federal do Rio de Janeiro,743
Procedimento do Juizado Especial Cível,5ª Vara Federal de Niterói,739
Procedimento do Juizado Especial Cível,3ª Vara Federal do Rio de Janeiro,728
Procedimento do Juizado Especial Cível,2ª Vara de Execução Fiscal do Rio de Janeiro,725
Procedimento do Juizado Especial Cível,2ª Vara de Execução Fiscal de São João de Meriti,716
Procedimento do Juizado Especial Cível,4ª Vara Federal do Rio de Janeiro,715
Procedimento do Juizado Especial Cível,23ª Vara Federal do Rio de Janeiro,683
Procedimento do Juizado Especial Cível,32ª Vara Federal do Rio de Janeiro,682
Procedimento do Juizado Especial Cível,14ª Vara Federal do Rio de Janeiro,647
Procedimento do Juizado Especial Cível,2ª Vara Federal do Rio de Janeiro,639
Procedimento do Juizado Especial Cível,27ª Vara Federal do Rio de Janeiro,623
Procedimento do Juizado Especial Cível,26ª Vara Federal do Rio de Janeiro,609
Procedimento do Juizado Especial Cível,12ª Vara de Execução Fiscal do Rio de Janeiro,607
Procedimento do Juizado Especial Cível,5ª Vara de Execução Fiscal do Rio de Janeiro,582
Procedimento do Juizado Especial Cível,6ª Vara Federal do Rio de Janeiro,564
Procedimento do Juizado Especial Cível,10ª Vara de Execução Fiscal do Rio de Janeiro,549
Procedimento do Juizado Especial Cível,11ª Vara de Execução Fiscal do Rio de Janeiro,515
Procedimento do Juizado Especial Cível,3ª Vara de Execução Fiscal do Rio de Janeiro,502
Procedimento do Juizado Especial Cível,1ª Vara de Execução Fiscal do Rio de Janeiro,493
Procedimento do Juizado Especial Cível,4ª Vara de Execução Fiscal do Rio de Janeiro,490
Procedimento do Juizado Especial Cível,7ª Vara de Execução Fiscal do Rio de Janeiro,489
Procedimento do Juizado Especial Cível,Central de Perícias - SJES,461
Procedimento do Juizado Especial Cível,9ª Vara de Execução Fiscal do Rio de janeiro,452
Procedimento do Juizado Especial Cível,8ª Vara de Execução Fiscal do Rio de Janeiro,395
Procedimento do Juizado Especial Cível,Central de Perícias - SJRJ,343
Procedimento do Juizado Especial Cível,1ª Vara de Execução Fiscal de São Gonçalo,256
Procedimento do Juizado Especial Cível,5ª Vara Federal de Vitória,245
Procedimento do Juizado Especial Cível,4ª Vara Federal de Vitória,221
Procedimento do Juizado Especial Cível,2ª Vara de Execução Fiscal de Vitória,141
Procedimento do Juizado Especial Cível,Núcleo de Justiça 4.0,134
Procedimento do Juizado Especial Cível,4ª Vara de Execução Fiscal de Vitória,113
Procedimento do Juizado Especial Cível,Central de Perícias - Campos,108
Procedimento do Juizado Especial Cível,Central de Perícias - São Pedro da Aldeia,92
Procedimento do Juizado Especial Cível,Centro Solução Conflitos e Cidadania,83
Procedimento do Juizado Especial Cível,Núcleo Permanente de Métodos Consensuais de Solução de Conflitos,70
Procedimento do Juizado Especial Cível,Central de Perícias - Niterói,61
Procedimento do Juizado Especial Cível,3ª Vara de Execução Fiscal de Vitória,57
Procedimento do Juizado Especial Cível,Central de Perícias - Três Rios,48
Procedimento do Juizado Especial Cível,Central de Perícias - São João de Meriti,42
Procedimento do Juizado Especial Cível,Central de Perícias - Duque de Caxias,35
Procedimento do Juizado Especial Cível,Centro Judiciário de Solução de Conflitos e Cidadania - CEJUSC de Barra do Piraí,35
Procedimento do Juizado Especial Cível,Central de Perícias - Volta Redonda,31
Procedimento do Juizado Especial Cível,Central de Perícias - Macaé,30
Procedimento do Juizado Especial Cível,Central de Perícias - Nova Iguaçu,20
Procedimento do Juizado Especial Cível,Central de Perícias - Magé,19
Procedimento do Juizado Especial Cível,Central de Perícias - São Gonçalo,18
Procedimento do Juizado Especial Cível,Central de Perícias - Itaperuna,17
Procedimento do Juizado Especial Cível,Gabinete do Juízo Gestor das Turmas Recursais,17
Procedimento do Juizado Especial Cível,Centro de Solução de Conflitos da CESUL - Sul Fluminense,15
Procedimento do Juizado Especial Cível,Central de Perícias - Teresópolis,14
Procedimento do Juizado Especial Cível,CENTRO SOLUÇÃO CONFLITOS E CIDADANIA - SÃO GONÇALO,13
Procedimento do Juizado Especial Cível,Central de Perícias - Itaboraí,13
Procedimento do Juizado Especial Cível,Central de Perícias - Nova Friburgo,13
Procedimento do Juizado Especial Cível,7ª Turma Recursal - Juiz Relator 2 - RJ,12
Procedimento do Juizado Especial Cível,Plantão,11
Procedimento do Juizado Especial Cível,Diretoria de Nova Iguaçu,10
Procedimento do Juizado Especial Cível,6ª Turma Recursal - Juiz Relator 3 - RJ,9
Procedimento do Juizado Especial Cível,7ª Turma Recursal - Juiz Relator 3 - RJ,9
Procedimento do Juizado Especial Cível,Diretoria de Campos,9
Procedimento do Juizado Especial Cível,CESOL - Baixada Fluminense,8
Procedimento do Juizado Especial Cível,Central de Perícias - Angra dos Reis,8
Procedimento do Juizado Especial Cível,Subsecretaria de Distribuição de Atividades Judiciárias,8
Procedimento do Juizado Especial Cível,1ª Turma Recursal - Juiz Relator 2 - RJ,7
Procedimento do Juizado Especial Cível,2ª Turma Recursal - Juiz Relator 1 - ES,7
Procedimento do Juizado Especial Cível,2ª Turma Recursal - Juiz Relator 2 - RJ,7
Procedimento do Juizado Especial Cível,6ª Turma Recursal - Juiz Relator 1 - RJ,7
Procedimento do Juizado Especial Cível,8ª Turma Recursal - Juiz Relator 1 - RJ,7
Procedimento do Juizado Especial Cível,Central de Perícias - Petrópolis,7
Procedimento do Juizado Especial Cível,3ª Turma Recursal - Juiz Relator 1 - RJ,6
Procedimento do Juizado Especial Cível,3ª Turma Recursal - Juiz Relator 3 - RJ,6
Procedimento do Juizado Especial Cível,4ª Turma Recursal - Juiz Relator 2 - RJ,6
Procedimento do Juizado Especial Cível,5ª Turma Recursal - Juiz Relator 2 - RJ,6
Procedimento do Juizado Especial Cível,1ª Turma Recursal - Juiz Relator 2 - ES,5
Procedimento do Juizado Especial Cível,8ª Turma Recursal - Juiz Relator 3 - RJ,5
Procedimento do Juizado Especial Cível,Centro de Solução de Conflitos de Magé - CESOL - MAG,5
Procedimento do Juizado Especial Cível,Diretoria de Duque de Caxias,5
Procedimento do Juizado Especial Cível,1ª Turma Recursal - Juiz Relator 1 - RJ,4
Procedimento do Juizado Especial Cível,1ª Turma Recursal - Juiz Relator 3 - RJ,4
Procedimento do Juizado Especial Cível,2ª Turma Recursal - Juiz Relator 1 - RJ,4
Procedimento do Juizado Especial Cível,2ª Turma Recursal - Juiz Relator 3 - ES,4
Procedimento do Juizado Especial Cível,3ª Turma Recursal - Juiz Relator 2 - RJ,4
Procedimento do Juizado Especial Cível,5ª Turma Recursal - Juiz Relator 3 - RJ,4
Procedimento do Juizado Especial Cível,6ª Turma Recursal - Juiz Relator 2 - RJ,4
Procedimento do Juizado Especial Cível,7ª Turma Recursal - Juiz Relator 1 - RJ,4
Procedimento do Juizado Especial Cível,Centro Judiciário de Solução de Conflitos e Cidadania - CEJUSC de Duque de Caxias,4
Procedimento do Juizado Especial Cível,1ª Turma Recursal - Juiz Relator 1 - ES,3
Procedimento do Juizado Especial Cível,1ª Turma Recursal - Juiz Relator 3 - ES,3
Procedimento do Juizado Especial Cível,2ª Turma Recursal - Juiz Relator 2 - ES,3
Procedimento do Juizado Especial Cível,4ª Turma Recursal - Juiz Relator 1 - RJ,3
Procedimento do Juizado Especial Cível,8ª Turma Recursal - Juiz Relator 2 - RJ,3
Procedimento do Juizado Especial Cível,Coordenadoria das Turmas Recursais,3
Procedimento do Juizado Especial Cível,Diretoria de Petrópolis,3
Procedimento do Juizado Especial Cível,Diretoria de São Pedro da Aldeia,3
Procedimento do Juizado Especial Cível,2ª Turma Recursal - Juiz Relator 3 - RJ,2
Procedimento do Juizado Especial Cível,2ª Vara Federal de Campos,2
Procedimento do Juizado Especial Cível,4ª Turma Recursal - Juiz Relator 3 - RJ,2
Procedimento do Juizado Especial Cível,CENORTE - Centro de Solução de Conflitos da Região Norte Fluminense,2
Procedimento do Juizado Especial Cível,Central de Perícias - Barra do Piraí,2
Procedimento do Juizado Especial Cível,Central de Perícias - Resende,2
Procedimento do Juizado Especial Cível,Diretoria de Niterói,2
Procedimento do Juizado Especial Cível,Centro Judiciário de Solução de Conflitos e Cidadania - CEJUSC de Itaperuna,1
Procedimento do Juizado Especial Cível,Centro Judiciário de Solução de Conflitos e Cidadania - CEJUSC de Macaé,1
Procedimento do Juizado Especial Cível,Centro Judiciário de Solução de Conflitos e Cidadania - CEJUSC de Nova Friburgo,1
Procedimento do Juizado Especial Cível,Centro Judiciário de Solução de Conflitos e Cidadania - CEJUSC de Petrópolis,1
Procedimento do Juizado Especial Cível,Diretoria de São Gonçalo,1
Procedimento do Juizado Especial Cível,Gabinete do Juízo Vice-Gestor das Turmas Recursais,1
Procedimento do Juizado Especial Cível,Setor de Distribuição Criminal de Campos,1
Recurso Inominado Cível,Gabinete do Juízo Gestor das Turmas Recursais,28436
Recurso Inominado Cível,2ª Turma Recursal - Juiz Relator 1 - ES,14590
Recurso Inominado Cível,1ª Turma Recursal - Juiz Relator 2 - ES,13260
Recurso Inominado Cível,2ª Turma Recursal - Juiz Relator 3 - ES,12001
Recurso Inominado Cível,1ª Turma Recursal - Juiz Relator 1 - ES,11876
Recurso Inominado Cível,2ª Turma Recursal - Juiz Relator 2 - ES,11870
Recurso Inominado Cível,4ª Turma Recursal - Juiz Relator 2 - RJ,11751
Recurso Inominado Cível,Gabinete do Juízo Vice-Gestor das Turmas Recursais,11658
Recurso Inominado Cível,1ª Turma Recursal - Juiz Relator 3 - ES,11416
Recurso Inominado Cível,4ª Turma Recursal - Juiz Relator 3 - RJ,11315
Recurso Inominado Cível,5ª Turma Recursal - Juiz Relator 3 - RJ,11245
Recurso Inominado Cível,4ª Turma Recursal - Juiz Relator 1 - RJ,10638
Recurso Inominado Cível,2ª Turma Recursal - Juiz Relator 3 - RJ,10586
Recurso Inominado Cível,5ª Turma Recursal - Juiz Relator 2 - RJ,10416
Recurso Inominado Cível,2ª Turma Recursal - Juiz Relator 1 - RJ,10385
Recurso Inominado Cível,3ª Turma Recursal - Juiz Relator 1 - RJ,10366
Recurso Inominado Cível,3ª Turma Recursal - Juiz Relator 3 - RJ,10260
Recurso Inominado Cível,2ª Turma Recursal - Juiz Relator 2 - RJ,10188
Recurso Inominado Cível,3ª Turma Recursal - Juiz Relator 2 - RJ,10169
Recurso Inominado Cível,1ª Turma Recursal - Juiz Relator 3 - RJ,10086
Recurso Inominado Cível,1ª Turma Recursal - Juiz Relator 2 - RJ,10037
Recurso Inominado Cível,1ª Turma Recursal - Juiz Relator 1 - RJ,10030
Recurso Inominado Cível,7ª Turma Recursal - Juiz Relator 3 - RJ,8400
Recurso Inominado Cível,6ª Turma Recursal - Juiz Relator 1 - RJ,8298
Recurso Inominado Cível,6ª Turma Recursal - Juiz Relator 2 - RJ,8227
Recurso Inominado Cível,6ª Turma Recursal - Juiz Relator 3 - RJ,8082
Recurso Inominado Cível,7ª Turma Recursal - Juiz Relator 2 - RJ,7939
Recurso Inominado Cível,8ª Turma Recursal - Juiz Relator 3 - RJ,7679
Recurso Inominado Cível,8ª Turma Recursal - Juiz Relator 1 - RJ,7605
Recurso Inominado Cível,8ª Turma Recursal - Juiz Relator 2 - RJ,7339
Recurso Inominado Cível,Coordenadoria das Turmas Recursais,4199
Recurso Inominado Cível,7ª Turma Recursal - Juiz Relator 1 - RJ,2760
Recurso Inominado Cível,5ª Turma Recursal - Juiz Relator 1 - RJ,2628
Recurso Inominado Cível,1ª Turma Recursal do Rio de Janeiro,2021
Recurso Inominado Cível,Presidência das Turmas Recursais,1267
Recurso Inominado Cível,2ª Turma Recursal do Rio de Janeiro,680
Recurso Inominado Cível,3ª Turma Recursal do Rio de Janeiro,190
Recurso Inominado Cível,2ª Vara Federal de Cachoeiro do Itapemirim,90
Recurso Inominado Cível,Núcleo Permanente de Métodos Consensuais de Solução de Conflitos,24
Recurso Inominado Cível,2º Juizado Especial Federal de Vitória,21
Recurso Inominado Cível,Vara Federal de Colatina,15
Recurso Inominado Cível,1ª Vara Federal do Rio de Janeiro,10
Recurso Inominado Cível,33ª Vara Federal do Rio de Janeiro,9
Recurso Inominado Cível,15ª Vara Federal do Rio de Janeiro,6
Recurso Inominado Cível,35ª Vara Federal do Rio de Janeiro,5
Recurso Inominado Cível,4ª Vara Federal de Duque de Caxias,5
Recurso Inominado Cível,2ª Vara Federal de Duque de Caxias,4
Recurso Inominado Cível,4ª Vara Federal do Rio de Janeiro,4
Recurso Inominado Cível,5ª Vara Federal do Rio de Janeiro,4
Recurso Inominado Cível,2º Juizado Especial Federal de São Gonçalo,3
Recurso Inominado Cível,7ª Vara Federal de Niterói,3
Recurso Inominado Cível,Centro de Solução de Conflitos e Cidadania,3
Recurso Inominado Cível,18ª Vara Federal do Rio de Janeiro,2
Recurso Inominado Cível,1ª Vara Federal de Nova Iguaçu,2
Recurso Inominado Cível,1ª Vara federal de cachoeiro de itapemirim,2
Recurso Inominado Cível,1º Juizado Especial Federal de Vitória,2
Recurso Inominado Cível,2ª Vara Federal de Nova Friburgo,2
Recurso Inominado Cível,34ª Vara Federal do Rio de Janeiro,2
Recurso Inominado Cível,3ª Vara Federal de Duque de Caxias,2
Recurso Inominado Cível,3ª Vara Federal de Nova Iguaçu,2
Recurso Inominado Cível,3ª Vara federal de cachoeiro de itapemirim,2
Recurso Inominado Cível,3º Juizado Especial Federal de São Gonçalo,2
Recurso Inominado Cível,4ª Vara Federal de Nova Iguaçu,2
Recurso Inominado Cível,5ª Vara Federal de Duque de Caxias,2
Recurso Inominado Cível,5ª Vara Federal de São João de Meriti,2
Recurso Inominado Cível,5ª Vara Federal de Volta Redonda,2
Recurso Inominado Cível,6ª Vara Federal de Niterói,2
Recurso Inominado Cível,9º Juizado Especial Federal do Rio de Janeiro,2
Recurso Inominado Cível,Vara Federal de Linhares,2
Recurso Inominado Cível,Vara Federal de Macaé,2
Recurso Inominado Cível,Vara Federal de Três Rios,2
Recurso Inominado Cível,10ª Vara Federal do Rio de Janeiro,1
Recurso Inominado Cível,12º Juizado Especial Federal do Rio de Janeiro,1
Recurso Inominado Cível,14º Juizado Especial Federal do Rio de Janeiro,1
Recurso Inominado Cível,1ª Vara Federal de Serra,1
Recurso Inominado Cível,1ª Vara Federal de São Pedro da Aldeia,1
Recurso Inominado Cível,2ª Vara Federal de Nova Iguaçu,1
Recurso Inominado Cível,32ª Vara Federal do Rio de Janeiro,1
Recurso Inominado Cível,3ª Vara Federal de Campos,1
Recurso Inominado Cível,3º Juizado Especial Federal de Vitória,1
Recurso Inominado Cível,45ª Vara Federal do Rio de Janeiro,1
Recurso Inominado Cível,4ª Vara Federal de Campos,1
Recurso Inominado Cível,4ª Vara Federal de São Gonçalo,1
Recurso Inominado Cível,4ª Vara Federal de Volta Redonda,1
Recurso Inominado Cível,6ª Vara Federal de Vitória,1
Recurso Inominado Cível,7ª Vara Federal de São João de Meriti,1
Recurso Inominado Cível,7º Juizado Especial Federal do Rio de Janeiro,1
Recurso Inominado Cível,8ª Vara Federal do Rio de Janeiro,1
Recurso Inominado Cível,8º Juizado Especial Federal do Rio de Janeiro,1
Recurso Inominado Cível,9ª Vara Federal,1
Recurso Inominado Cível,Centro Judiciário de Solução de Conflitos e Cidadania - CEJUSC de Nova Friburgo,1
Recurso Inominado Cível,Centro Judiciário de Solução de Conflitos e Cidadania - CEJUSC de Petrópolis,1
Recurso Inominado Cível,Vara Federal de Angra dos Reis,1
Recurso Inominado Cível,Vara Federal de Barra do Piraí,1
Recurso Inominado Cível,Vara Federal de Nova Friburgo,1
Recurso Inominado Cível,Vara Federal de São Mateus,1
Recurso Inominado Cível,Vara Federal de Teresópolis,1
Remessa Necessária Cível,GABINETE 05,2423
Remessa Necessária Cível,GABINETE 02,2189
Remessa Necessária Cível,GABINETE 06,1824
Remessa Necessária Cível,GABINETE 04,1808
Remessa Necessária Cível,GABINETE 01,1757
Remessa Necessária Cível,GABINETE 03,1686
Remessa Necessária Cível,GABINETE 26,1044
Remessa Necessária Cível,GABINETE 25,1016
Remessa Necessária Cível,GABINETE 10,698
Remessa Necessária Cível,GABINETE 07,684
Remessa Necessária Cível,GABINETE 08,655
Remessa Necessária Cível,GABINETE 12,652
Remessa Necessária Cível,GABINETE 20,645
Remessa Necessária Cível,GABINETE 21,637
Remessa Necessária Cível,GABINETE 23,624
Remessa Necessária Cível,GABINETE 19,611
Remessa Necessária Cível,GABINETE 17,608
Remessa Necessária Cível,GABINETE 34 - JFC,576
Remessa Necessária Cível,GABINETE 35 - JFC,573
Remessa Necessária Cível,GABINETE 09,572
Remessa Necessária Cível,GABINETE 24,567
Remessa Necessária Cível,GABINETE 33 - JFC,564
Remessa Necessária Cível,GABINETE 16,558
Remessa Necessária Cível,GABINETE 36 - JFC,553
Remessa Necessária Cível,GABINETE 18,552
Remessa Necessária Cível,GABINETE 22,527
Remessa Necessária Cível,GABINETE 28,506
Remessa Necessária Cível,GABINETE 11,503
Remessa Necessária Cível,GABINETE 13,493
Remessa Necessária Cível,GABINETE 15,478
Remessa Necessária Cível,GABINETE 27,474
Remessa Necessária Cível,GABINETE 14,438
Remessa Necessária Cível,GABINETE 30,410
Remessa Necessária Cível,GABINETE 31,395
Remessa Necessária Cível,GABINETE 32,375
Remessa Necessária Cível,GABINETE 29,326
Remessa Necessária Cível,Gabinete da Vice-Presidência,279
Remessa Necessária Cível,CORREGEDORIA,1
