classe,orgao,n_classe_orgao,t_mediano_orgao_d,t_mediano_restantes_d,racio,S(2 anos),anomalia
Procedimento do Juizado Especial Cível,2º Juizado Especial Federal de Vitória,46958,469.2910766601564,387.5628356933592,1.2108773944245284,0.3231,False
Procedimento do Juizado Especial Cível,5ª Vara Federal do Rio de Janeiro,24584,387.5628356933592,387.5628356933592,1.0,0.2554,False
Procedimento do Juizado Especial Cível,1ª Vara Federal de Serra,24119,397.3100280761717,387.5628356933592,1.025149966625088,0.2637,False
Procedimento do Juizado Especial Cível,Vara Federal de Colatina,23615,422.56057739257807,387.5628356933592,1.0903021096865675,0.2851,False
Procedimento do Juizado Especial Cível,35ª Vara Federal do Rio de Janeiro,23275,364.1468505859375,387.5628356933592,0.9395814486042503,0.235,False
Procedimento do Juizado Especial Cível,34ª Vara Federal do Rio de Janeiro,22874,313.0081176757813,387.5628356933592,0.8076319214555293,0.1895,False
Procedimento do Juizado Especial Cível,1º Juizado Especial Federal de Vitória,22770,387.5628356933592,387.5628356933592,1.0,0.2554,False
Procedimento do Juizado Especial Cível,33ª Vara Federal do Rio de Janeiro,22303,387.5628356933592,387.5628356933592,1.0,0.2554,False
Procedimento do Juizado Especial Cível,1ª Vara Federal do Rio de Janeiro,22280,316.4867248535156,387.5628356933592,0.8166075167845062,0.1927,False
Procedimento do Juizado Especial Cível,Vara Federal de Itaperuna,22240,387.5628356933592,387.5628356933592,1.0,0.2554,False
Procedimento do Juizado Especial Cível,Vara Federal de Magé,21934,480.7760925292969,387.5628356933592,1.2405113397139251,0.3322,False
Procedimento do Juizado Especial Cível,Vara Federal de Macaé,20415,387.5628356933592,387.5628356933592,1.0,0.2554,False
Procedimento do Juizado Especial Cível,15ª Vara Federal do Rio de Janeiro,20283,387.5628356933592,387.5628356933592,1.0,0.2554,False
Procedimento do Juizado Especial Cível,3º Juizado Especial Federal de Vitória,20180,381.2915954589843,387.5628356933592,0.9838187781262476,0.25,False
Procedimento do Juizado Especial Cível,15º Juizado Especial Federal do Rio de Janeiro,19369,452.78051757812506,387.5628356933592,1.1682764080515868,0.3099,False
Procedimento do Juizado Especial Cível,9º Juizado Especial Federal do Rio de Janeiro,18010,261.93820190429693,387.5628356933592,0.6758599581295849,0.1435,False
Procedimento do Juizado Especial Cível,11º Juizado Especial Federal,17898,383.2721252441405,387.5628356933592,0.9889289940777152,0.2517,False
Procedimento do Juizado Especial Cível,3ª Vara federal de cachoeiro de itapemirim,17522,387.5628356933592,387.5628356933592,1.0,0.2554,False
Procedimento do Juizado Especial Cível,8º Juizado Especial Federal do Rio de Janeiro,17477,295.33093261718756,387.5628356933592,0.7620207755184613,0.1736,False
Procedimento do Juizado Especial Cível,Vara Federal de São Mateus,17160,407.7765197753905,387.5628356933592,1.0521558885951192,0.2726,False
Procedimento do Juizado Especial Cível,Vara Federal de Linhares,16776,454.4839172363282,387.5628356933592,1.1726715654333717,0.3113,False
Procedimento do Juizado Especial Cível,7º Juizado Especial Federal do Rio de Janeiro,16377,322.81289672851574,387.5628356933592,0.8329304747473935,0.1983,False
Procedimento do Juizado Especial Cível,7ª Vara Federal de Niterói,15828,461.63507080078125,387.5628356933592,1.1911231632282415,0.317,False
Procedimento do Juizado Especial Cível,6ª Vara Federal de Niterói,15514,434.3671874999999,387.5628356933592,1.1207658410355745,0.2949,False
Procedimento do Juizado Especial Cível,1ª Vara Federal de Campos,15296,462.83233642578125,387.5628356933592,1.1942123800331967,0.318,False
Procedimento do Juizado Especial Cível,6º Juizado Especial Federal do Rio de Janeiro,15171,352.1071166992188,387.5628356933592,0.9085162050414115,0.2244,False
Procedimento do Juizado Especial Cível,7ª Vara Federal de São João de Meriti,14906,244.3675537109376,387.5628356933592,0.6305237014631658,0.1278,False
Procedimento do Juizado Especial Cível,12º Juizado Especial Federal do Rio de Janeiro,14731,387.5628356933592,387.5628356933592,1.0,0.2554,False
Procedimento do Juizado Especial Cível,45ª Vara Federal do Rio de Janeiro,14697,401.49493408203114,387.5628356933592,1.0359479730912462,0.2673,False
Procedimento do Juizado Especial Cível,8ª Vara Federal de São João de Meriti,14562,133.27734375,387.5628356933592,0.34388576890135414,0.0387,False
Procedimento do Juizado Especial Cível,4ª Vara Federal de São Gonçalo,14559,387.5628356933592,387.5628356933592,1.0,0.2554,False
Procedimento do Juizado Especial Cível,3ª Vara Federal de Duque de Caxias,14422,319.39892578124994,387.5628356933592,0.8241216555499642,0.1953,False
Procedimento do Juizado Especial Cível,14º Juizado Especial Federal do Rio de Janeiro,14386,387.5628356933592,387.5628356933592,1.0,0.2554,False
Procedimento do Juizado Especial Cível,2ª Vara Federal de Nova Friburgo,13905,346.11209106445324,387.5628356933592,0.8930476794691896,0.2191,False
Procedimento do Juizado Especial Cível,13º Juizado Especial Federal do Rio de Janeiro,13714,387.5628356933592,387.5628356933592,1.0,0.2554,False
Procedimento do Juizado Especial Cível,2º Juizado Especial Federal de São Gonçalo,13659,408.0003967285155,387.5628356933592,1.0527335419006134,0.2728,False
Procedimento do Juizado Especial Cível,4ª Vara Federal de Nova Iguaçu,13496,316.9199829101562,387.5628356933592,0.8177254208164174,0.1931,False
Procedimento do Juizado Especial Cível,5ª Vara Federal de Nova Iguaçu,13477,230.18751525878912,387.5628356933592,0.5939359867851574,0.1153,False
Procedimento do Juizado Especial Cível,2ª Vara Federal de São Pedro da Aldeia,13179,387.5628356933592,387.5628356933592,1.0,0.2554,False
Procedimento do Juizado Especial Cível,5ª Vara Federal de Duque de Caxias,13052,312.45175170898443,387.5628356933592,0.8061963710994134,0.189,False
Procedimento do Juizado Especial Cível,5ª Vara Federal de Volta Redonda,13002,340.40930175781244,387.5628356933592,0.8783331898911619,0.2141,False
Procedimento do Juizado Especial Cível,4ª Vara Federal de Duque de Caxias,12775,370.5811462402345,387.5628356933592,0.9561833904359172,0.2407,False
Procedimento do Juizado Especial Cível,3ª Vara Federal de Campos,12463,325.1908874511718,387.5628356933592,0.8390662300460195,0.2005,False
Procedimento do Juizado Especial Cível,1ª Vara Federal de Itaboraí,12074,240.75537109375006,387.5628356933592,0.621203451210777,0.1246,False
Procedimento do Juizado Especial Cível,4ª Vara Federal de Volta Redonda,11909,320.17675781250006,387.5628356933592,0.826128638572107,0.196,False
Procedimento do Juizado Especial Cível,1ª Vara Federal de São Pedro da Aldeia,11771,387.5628356933592,387.5628356933592,1.0,0.2554,False
Procedimento do Juizado Especial Cível,4ª Vara Federal de Campos,11612,310.85556030273426,387.5628356933592,0.8020778353182555,0.1876,False
Procedimento do Juizado Especial Cível,1ª Vara federal de cachoeiro de itapemirim,11089,909.9540405273439,387.5628356933592,2.3478877661203357,0.5905,True
Procedimento do Juizado Especial Cível,2ª Vara Federal de Duque de Caxias,10516,387.5628356933592,387.5628356933592,1.0,0.2554,False
Procedimento do Juizado Especial Cível,2ª Vara Federal de Itaboraí,10439,335.5537109374999,387.5628356933592,0.865804664518945,0.2097,False
Procedimento do Juizado Especial Cível,Vara Federal de Barra do Piraí,10177,394.37927246093744,387.5628356933592,1.0175879525584115,0.2612,False
Procedimento do Juizado Especial Cível,1ª Vara Federal de Duque de Caxias,10111,584.9987182617186,387.5628356933592,1.5094293476698866,0.409,False
Procedimento do Juizado Especial Cível,Vara Federal de Três Rios,10073,387.5628356933592,387.5628356933592,1.0,0.2554,False
Procedimento do Juizado Especial Cível,2ª Vara Federal de Nova Iguaçu,9996,448.17407226562494,387.5628356933592,1.156390734585866,0.3062,False
Procedimento do Juizado Especial Cível,2ª Vara Federal de Cachoeiro do Itapemirim,9550,387.5628356933592,387.5628356933592,1.0,0.2554,False
Procedimento do Juizado Especial Cível,4º Juizado Especial de Vitória,9409,387.5628356933592,387.5628356933592,1.0,0.2554,False
Procedimento do Juizado Especial Cível,Vara Federal de Teresópolis,9295,387.5628356933592,387.5628356933592,1.0,0.2554,False
Procedimento do Juizado Especial Cível,3ª Vara Federal de Nova Iguaçu,9204,295.3819274902344,387.5628356933592,0.7621523538545408,0.1737,False
Procedimento do Juizado Especial Cível,1ª Vara Federal de Nova Iguaçu,9116,454.3636779785157,387.5628356933592,1.172361320882711,0.3112,False
Procedimento do Juizado Especial Cível,Vara Federal de Angra dos Reis,8682,573.538024902344,387.5628356933592,1.4798581599710683,0.4011,False
Procedimento do Juizado Especial Cível,2ª Vara Federal de Petrópolis,7710,336.1170959472655,387.5628356933592,0.8672583255975614,0.2102,False
Procedimento do Juizado Especial Cível,Vara Federal de Resende,7673,387.5628356933592,387.5628356933592,1.0,0.2554,False
Procedimento do Juizado Especial Cível,3ª Vara Federal de Volta Redonda,7629,661.5225219726561,387.5628356933592,1.7068781138139226,0.4593,False
Procedimento do Juizado Especial Cível,3º Juizado Especial Federal de São Gonçalo,7557,387.5628356933592,387.5628356933592,1.0,0.2554,False
Procedimento do Juizado Especial Cível,1ª Vara Federal de Petrópolis,7478,387.5628356933592,387.5628356933592,1.0,0.2554,False
Procedimento do Juizado Especial Cível,5ª Vara Federal de São João de Meriti,7460,412.123748779297,387.5628356933592,1.0633727252046696,0.2763,False
Procedimento do Juizado Especial Cível,6ª Vara Federal de São João de Meriti,7367,460.94506835937494,387.5628356933592,1.1893428004641704,0.3165,False
Procedimento do Juizado Especial Cível,1ª Vara Federal de Volta Redonda,7353,607.8999633789061,387.5628356933592,1.568519753168176,0.4246,False
Procedimento do Juizado Especial Cível,3ª Vara Federal de São Gonçalo,4463,387.5628356933592,387.5628356933592,1.0,0.2554,False
Procedimento do Juizado Especial Cível,2ª Vara Federal de São Gonçalo,3986,428.03015136718756,387.5628356933592,1.104414850823948,0.2896,False
Procedimento do Juizado Especial Cível,1º Núcleo de Justiça 4.0 - SJES - Previdenciário,2553,387.5628356933592,387.5628356933592,1.0,0.2554,False
Procedimento do Juizado Especial Cível,3 º Núcleo de Justiça 4.0 - SJRJ - Previdenciário,2495,281.10067749023426,387.5628356933592,0.7253034904323021,0.1608,False
Procedimento do Juizado Especial Cível,2 º Núcleo de Justiça 4.0 - SJRJ - Previdenciário,2458,387.5628356933592,387.5628356933592,1.0,0.2554,False
Procedimento do Juizado Especial Cível,1 º Núcleo de Justiça 4.0 - SJRJ - Previdenciário,2398,387.5628356933592,387.5628356933592,1.0,0.2554,False
Procedimento do Juizado Especial Cível,4 º Núcleo de Justiça 4.0 - SJRJ - Previdenciário,2363,338.3768005371094,387.5628356933592,0.8730888758509189,0.2123,False
Procedimento do Juizado Especial Cível,Juizado Especial Federal de Resende,2333,225.70719909667974,387.5628356933592,0.5823757551285437,0.1114,False
Procedimento do Juizado Especial Cível,5 º Núcleo de Justiça 4.0 - SJRJ - Previdenciário,2115,387.5628356933592,387.5628356933592,1.0,0.2554,False
Procedimento do Juizado Especial Cível,6 º Núcleo de Justiça 4.0 - SJRJ - Previdenciário,1996,321.99288940429676,387.5628356933592,0.8308146699057039,0.1976,False
Procedimento do Juizado Especial Cível,7ª Vara Federal do Rio de Janeiro,1953,387.5628356933592,387.5628356933592,1.0,0.2554,False
Procedimento do Juizado Especial Cível,Centro de Solução de Conflitos e Cidadania,1920,318.7027587890626,387.5628356933592,0.8223253868470018,0.1947,False
Procedimento do Juizado Especial Cível,18ª Vara Federal do Rio de Janeiro,1757,387.5628356933592,387.5628356933592,1.0,0.2554,False
Procedimento do Juizado Especial Cível,Vara Federal de Nova Friburgo,1746,387.5628356933592,387.5628356933592,1.0,0.2554,False
Procedimento do Juizado Especial Cível,9ª Vara Federal,1740,551.4830322265623,387.5628356933592,1.422951277668164,0.3854,False
Procedimento do Juizado Especial Cível,4ª Vara Federal de Niterói,1714,477.1607055664065,387.5628356933592,1.2311828215230043,0.3294,False
Procedimento do Juizado Especial Cível,3ª Vara Federal de Niterói,1698,600.4645996093749,387.5628356933592,1.5493348285965793,0.4196,False
Procedimento do Juizado Especial Cível,1ª Vara Federal de Niterói,1648,487.1580505371095,387.5628356933592,1.2569782385495556,0.3372,False
Procedimento do Juizado Especial Cível,31ª Vara Federal,1540,407.09109497070324,387.5628356933592,1.0503873371718098,0.2721,False
Procedimento do Juizado Especial Cível,12ª Vara Federal do Rio de Janeiro,1498,446.86724853515614,387.5628356933592,1.1530188330253595,0.3051,False
Procedimento do Juizado Especial Cível,13ª Vara Federal,1339,411.37844848632807,387.5628356933592,1.061449681444203,0.2757,False
Procedimento do Juizado Especial Cível,25ª Vara Federal,1198,387.5628356933592,387.5628356933592,1.0,0.2554,False
Procedimento do Juizado Especial Cível,2ª Vara Federal de Vitória,1007,451.71887207031233,387.5628356933592,1.1655371219022497,0.309,False
Procedimento do Juizado Especial Cível,1ª Vara Federal de Vitória,966,405.44348144531256,387.5628356933592,1.046136120662768,0.2707,False
Procedimento do Juizado Especial Cível,24ª Vara Federal do Rio de Janeiro,928,455.20877075195307,387.5628356933592,1.1745418518717712,0.3119,False
Procedimento do Juizado Especial Cível,6ª Vara Federal de Vitória,916,477.5369567871095,387.5628356933592,1.2321536349913025,0.3297,False
Procedimento do Juizado Especial Cível,11ª Vara Federal do Rio de Janeiro,872,406.2431335449218,387.5628356933592,1.0481994044092053,0.2713,False
Procedimento do Juizado Especial Cível,17ª Vara Federal do Rio de Janeiro,854,387.5628356933592,387.5628356933592,1.0,0.2554,False
Procedimento do Juizado Especial Cível,21ª Vara Federal do Rio de Janeiro,845,442.2315368652344,387.5628356933592,1.141057645721039,0.3013,False
Procedimento do Juizado Especial Cível,22ª Vara Federal do Rio de Janeiro,835,484.56283569335955,387.5628356933592,1.2502819957606746,0.3352,False
Procedimento do Juizado Especial Cível,28ª Vara Federal do Rio de Janeiro,831,398.9961242675781,387.5628356933592,1.029500477138796,0.2652,False
Procedimento do Juizado Especial Cível,1ª Vara de Execução Fiscal de São João de Meriti,807,425.0950622558594,387.5628356933592,1.0968416553546836,0.2872,False
Procedimento do Juizado Especial Cível,6ª Vara de Execução Fiscal do Rio de Janeiro,786,387.5628356933592,387.5628356933592,1.0,0.2554,False
Procedimento do Juizado Especial Cível,20ª Vara Federal do Rio de Janeiro,785,387.5628356933592,387.5628356933592,1.0,0.2554,False
Procedimento do Juizado Especial Cível,19ª Vara Federal do Rio de Janeiro,772,495.4886474609373,387.5628356933592,1.278473067662683,0.3437,False
Procedimento do Juizado Especial Cível,16ª Vara Federal do Rio de Janeiro,770,403.0730590820311,387.5628356933592,1.0400198934475327,0.2687,False
Procedimento do Juizado Especial Cível,29ª Vara Federal do Rio de Janeiro,758,387.5628356933592,387.5628356933592,1.0,0.2554,False
Procedimento do Juizado Especial Cível,10ª Vara Federal do Rio de Janeiro,749,418.78326416015636,387.5628356933592,1.080555785001787,0.2819,False
Procedimento do Juizado Especial Cível,30ª Vara Federal do Rio de Janeiro,745,386.50756835937494,387.5628356933592,0.9972771709854574,0.2545,False
Procedimento do Juizado Especial Cível,8ª Vara Federal do Rio de Janeiro,743,565.3302001953124,387.5628356933592,1.4586801110171543,0.3953,False
Procedimento do Juizado Especial Cível,5ª Vara Federal de Niterói,739,557.4205322265627,387.5628356933592,1.438271374058155,0.3897,False
Procedimento do Juizado Especial Cível,3ª Vara Federal do Rio de Janeiro,728,387.5628356933592,387.5628356933592,1.0,0.2554,False
Procedimento do Juizado Especial Cível,2ª Vara de Execução Fiscal do Rio de Janeiro,725,413.4628295898437,387.5628356933592,1.0668278573464063,0.2774,False
Procedimento do Juizado Especial Cível,2ª Vara de Execução Fiscal de São João de Meriti,716,387.5628356933592,387.5628356933592,1.0,0.2554,False
Procedimento do Juizado Especial Cível,4ª Vara Federal do Rio de Janeiro,715,387.5628356933592,387.5628356933592,1.0,0.2554,False
Procedimento do Juizado Especial Cível,23ª Vara Federal do Rio de Janeiro,683,427.84527587890625,387.5628356933592,1.1039378301417389,0.2895,False
Procedimento do Juizado Especial Cível,32ª Vara Federal do Rio de Janeiro,682,521.937255859375,387.5628356933592,1.346716474828183,0.3637,False
Procedimento do Juizado Especial Cível,14ª Vara Federal do Rio de Janeiro,647,563.7744750976562,387.5628356933592,1.454665987488326,0.3942,False
Procedimento do Juizado Especial Cível,2ª Vara Federal do Rio de Janeiro,639,387.5628356933592,387.5628356933592,1.0,0.2554,False
Procedimento do Juizado Especial Cível,27ª Vara Federal do Rio de Janeiro,623,387.5628356933592,387.5628356933592,1.0,0.2554,False
Procedimento do Juizado Especial Cível,26ª Vara Federal do Rio de Janeiro,609,387.5628356933592,387.5628356933592,1.0,0.2554,False
Procedimento do Juizado Especial Cível,12ª Vara de Execução Fiscal do Rio de Janeiro,607,387.5628356933592,387.5628356933592,1.0,0.2554,False
Procedimento do Juizado Especial Cível,5ª Vara de Execução Fiscal do Rio de Janeiro,582,387.5628356933592,387.5628356933592,1.0,0.2554,False
Procedimento do Juizado Especial Cível,6ª Vara Federal do Rio de Janeiro,564,387.5628356933592,387.5628356933592,1.0,0.2554,False
Procedimento do Juizado Especial Cível,10ª Vara de Execução Fiscal do Rio de Janeiro,549,387.5628356933592,387.5628356933592,1.0,0.2554,False
Procedimento do Juizado Especial Cível,11ª Vara de Execução Fiscal do Rio de Janeiro,515,387.5628356933592,387.5628356933592,1.0,0.2554,False
Procedimento do Juizado Especial Cível,3ª Vara de Execução Fiscal do Rio de Janeiro,502,387.5628356933592,387.5628356933592,1.0,0.2554,False
Procedimento do Juizado Especial Cível,1ª Vara de Execução Fiscal do Rio de Janeiro,493,387.5628356933592,387.5628356933592,1.0,0.2554,False
Procedimento do Juizado Especial Cível,4ª Vara de Execução Fiscal do Rio de Janeiro,490,387.5628356933592,387.5628356933592,1.0,0.2554,False
Procedimento do Juizado Especial Cível,7ª Vara de Execução Fiscal do Rio de Janeiro,489,387.5628356933592,387.5628356933592,1.0,0.2554,False
Procedimento do Juizado Especial Cível,Central de Perícias - SJES,461,582.3555297851561,387.5628356933592,1.502609322029828,0.4072,False
Procedimento do Juizado Especial Cível,9ª Vara de Execução Fiscal do Rio de janeiro,452,387.5628356933592,387.5628356933592,1.0,0.2554,False
Procedimento do Juizado Especial Cível,8ª Vara de Execução Fiscal do Rio de Janeiro,395,387.5628356933592,387.5628356933592,1.0,0.2554,False
Procedimento do Juizado Especial Cível,Central de Perícias - SJRJ,343,387.5628356933592,387.5628356933592,1.0,0.2554,False
Procedimento do Juizado Especial Cível,1ª Vara de Execução Fiscal de São Gonçalo,256,387.5628356933592,387.5628356933592,1.0,0.2554,False
Procedimento do Juizado Especial Cível,5ª Vara Federal de Vitória,245,380.4483642578124,387.5628356933592,0.9816430504157633,0.2492,False
Procedimento do Juizado Especial Cível,4ª Vara Federal de Vitória,221,508.8500671386719,387.5628356933592,1.312948560272367,0.3539,False
Procedimento do Juizado Especial Cível,2ª Vara de Execução Fiscal de Vitória,141,387.5628356933592,387.5628356933592,1.0,0.2554,False
Procedimento do Juizado Especial Cível,Núcleo de Justiça 4.0,134,387.5628356933592,387.5628356933592,1.0,0.2554,False
Procedimento do Juizado Especial Cível,4ª Vara de Execução Fiscal de Vitória,113,387.5628356933592,387.5628356933592,1.0,0.2554,False
Procedimento do Juizado Especial Cível,Central de Perícias - Campos,108,387.5628356933592,387.5628356933592,1.0,0.2554,False
Procedimento do Juizado Especial Cível,Central de Perícias - São Pedro da Aldeia,92,387.5628356933592,387.5628356933592,1.0,0.2554,False
Procedimento do Juizado Especial Cível,Centro Solução Conflitos e Cidadania,83,387.5628356933592,387.5628356933592,1.0,0.2554,False
Cumprimento de Sentença contra a Fazenda Pública,3º Juizado Especial Federal de Vitória,17775,581.3630981445314,594.786865234375,0.9774309624598821,0.4065,False
Cumprimento de Sentença contra a Fazenda Pública,1º Juizado Especial Federal de Vitória,15383,594.786865234375,594.786865234375,1.0,0.4158,False
Cumprimento de Sentença contra a Fazenda Pública,3ª Vara federal de cachoeiro de itapemirim,13028,594.786865234375,594.786865234375,1.0,0.4158,False
Cumprimento de Sentença contra a Fazenda Pública,7º Juizado Especial Federal do Rio de Janeiro,11051,491.97628784179676,594.786865234375,0.8271471960765882,0.3409,False
Cumprimento de Sentença contra a Fazenda Pública,Vara Federal de São Mateus,10823,625.8085327148439,594.786865234375,1.0521559390324546,0.4365,False
Cumprimento de Sentença contra a Fazenda Pública,11º Juizado Especial Federal,9932,588.2020263671875,594.786865234375,0.9889290782092292,0.4113,False
Cumprimento de Sentença contra a Fazenda Pública,5ª Vara Federal de Volta Redonda,9379,520.8962402343749,594.786865234375,0.87576957508824,0.363,False
Cumprimento de Sentença contra a Fazenda Pública,Vara Federal de Macaé,9048,594.786865234375,594.786865234375,1.0,0.4158,False
Cumprimento de Sentença contra a Fazenda Pública,5ª Vara Federal de Duque de Caxias,8855,555.941162109375,594.786865234375,0.9346897092125717,0.3886,False
Cumprimento de Sentença contra a Fazenda Pública,Vara Federal de Itaperuna,8461,594.786865234375,594.786865234375,1.0,0.4158,False
Cumprimento de Sentença contra a Fazenda Pública,Vara Federal de Teresópolis,8345,594.786865234375,594.786865234375,1.0,0.4158,False
Cumprimento de Sentença contra a Fazenda Pública,Vara Federal de Linhares,8336,725.6875610351564,594.786865234375,1.2200800042031865,0.4975,False
Cumprimento de Sentença contra a Fazenda Pública,4ª Vara Federal de Campos,8304,461.70153808593744,594.786865234375,0.7762470307813616,0.3171,False
Cumprimento de Sentença contra a Fazenda Pública,3ª Vara Federal de Campos,8199,499.0656127929687,594.786865234375,0.8390662974649121,0.3464,False
Cumprimento de Sentença contra a Fazenda Pública,3ª Vara Federal de Duque de Caxias,7937,537.5319824218752,594.786865234375,0.9037388245116366,0.3753,False
Cumprimento de Sentença contra a Fazenda Pública,4º Juizado Especial de Vitória,7447,594.786865234375,594.786865234375,1.0,0.4158,False
Cumprimento de Sentença contra a Fazenda Pública,2ª Vara Federal de Nova Friburgo,7179,531.1730346679685,594.786865234375,0.8930476876934067,0.3706,False
Cumprimento de Sentença contra a Fazenda Pública,2º Juizado Especial Federal de São Gonçalo,6834,598.6314697265626,594.786865234375,1.0064638355634714,0.4184,False
Cumprimento de Sentença contra a Fazenda Pública,2ª Vara Federal de São Pedro da Aldeia,6695,594.786865234375,594.786865234375,1.0,0.4158,False
Cumprimento de Sentença contra a Fazenda Pública,Vara Federal de Barra do Piraí,6468,597.6104125976561,594.786865234375,1.0047471582314929,0.4177,False
Cumprimento de Sentença contra a Fazenda Pública,5ª Vara Federal de Nova Iguaçu,6304,427.63681030273443,594.786865234375,0.7189748720059995,0.2893,False
Cumprimento de Sentença contra a Fazenda Pública,4ª Vara Federal de Nova Iguaçu,6188,579.5866699218751,594.786865234375,0.9744442989565509,0.4053,False
Cumprimento de Sentença contra a Fazenda Pública,2ª Vara Federal de Itaboraí,6162,506.03646850585955,594.786865234375,0.8507862195417791,0.3517,False
Cumprimento de Sentença contra a Fazenda Pública,8ª Vara Federal de São João de Meriti,6029,357.4685668945313,594.786865234375,0.6010027924098009,0.2292,False
Cumprimento de Sentença contra a Fazenda Pública,45ª Vara Federal do Rio de Janeiro,5970,616.168273925781,594.786865234375,1.0359480175860654,0.4301,False
Cumprimento de Sentença contra a Fazenda Pública,Vara Federal de Três Rios,5925,594.786865234375,594.786865234375,1.0,0.4158,False
Cumprimento de Sentença contra a Fazenda Pública,12º Juizado Especial Federal do Rio de Janeiro,5779,594.786865234375,594.786865234375,1.0,0.4158,False
Cumprimento de Sentença contra a Fazenda Pública,4ª Vara Federal de São Gonçalo,5725,594.786865234375,594.786865234375,1.0,0.4158,False
Cumprimento de Sentença contra a Fazenda Pública,2º Juizado Especial Federal de Vitória,5331,670.1142578125002,594.786865234375,1.1266460256287647,0.4646,False
Cumprimento de Sentença contra a Fazenda Pública,1ª Vara Federal de Itaboraí,5296,476.0611877441408,594.786865234375,0.8003895438352518,0.3285,False
Cumprimento de Sentença contra a Fazenda Pública,6ª Vara Federal de Niterói,5116,691.0945434570311,594.786865234375,1.1619196452576441,0.4773,False
Cumprimento de Sentença contra a Fazenda Pública,25ª Vara Federal,5044,594.786865234375,594.786865234375,1.0,0.4158,False
Cumprimento de Sentença contra a Fazenda Pública,13ª Vara Federal,5039,631.3363647460938,594.786865234375,1.0614497421648954,0.4401,False
Cumprimento de Sentença contra a Fazenda Pública,Vara Federal de Colatina,5026,648.4974365234374,594.786865234375,1.090302214841106,0.4511,False
Cumprimento de Sentença contra a Fazenda Pública,14º Juizado Especial Federal do Rio de Janeiro,5001,594.786865234375,594.786865234375,1.0,0.4158,False
Cumprimento de Sentença contra a Fazenda Pública,7ª Vara Federal de Niterói,4533,706.1871337890627,594.786865234375,1.1872944327894508,0.4863,False
Cumprimento de Sentença contra a Fazenda Pública,31ª Vara Federal,4250,779.7703247070311,594.786865234375,1.3110079766132086,0.5273,False
Cumprimento de Sentença contra a Fazenda Pública,Vara Federal de Resende,4167,594.786865234375,594.786865234375,1.0,0.4158,False
Cumprimento de Sentença contra a Fazenda Pública,2ª Vara Federal de Vitória,4043,693.2461547851564,594.786865234375,1.1655370945556836,0.4786,False
Cumprimento de Sentença contra a Fazenda Pública,5ª Vara Federal do Rio de Janeiro,4007,594.786865234375,594.786865234375,1.0,0.4158,False
Cumprimento de Sentença contra a Fazenda Pública,9º Juizado Especial Federal do Rio de Janeiro,3905,541.5949707031251,594.786865234375,0.910569823174744,0.3783,False
Cumprimento de Sentença contra a Fazenda Pública,34ª Vara Federal do Rio de Janeiro,3599,495.1407775878908,594.786865234375,0.8324675720483189,0.3434,False
Cumprimento de Sentença contra a Fazenda Pública,1ª Vara Federal de Nova Iguaçu,3378,697.3051147460939,594.786865234375,1.1723613205065007,0.481,False
Cumprimento de Sentença contra a Fazenda Pública,1ª Vara Federal de Campos,3095,722.2347412109377,594.786865234375,1.2142748662184093,0.4956,False
Cumprimento de Sentença contra a Fazenda Pública,35ª Vara Federal do Rio de Janeiro,3060,430.53503417968756,594.786865234375,0.7238475819570019,0.2917,False
Cumprimento de Sentença contra a Fazenda Pública,3º Juizado Especial Federal de São Gonçalo,2909,594.786865234375,594.786865234375,1.0,0.4158,False
Cumprimento de Sentença contra a Fazenda Pública,1ª Vara Federal de São Pedro da Aldeia,2820,594.786865234375,594.786865234375,1.0,0.4158,False
Cumprimento de Sentença contra a Fazenda Pública,7ª Vara Federal do Rio de Janeiro,2555,594.786865234375,594.786865234375,1.0,0.4158,False
Cumprimento de Sentença contra a Fazenda Pública,3ª Vara Federal de São Gonçalo,2555,594.786865234375,594.786865234375,1.0,0.4158,False
Cumprimento de Sentença contra a Fazenda Pública,1º Núcleo de Justiça 4.0 - SJES - Previdenciário,2475,594.786865234375,594.786865234375,1.0,0.4158,False
Cumprimento de Sentença contra a Fazenda Pública,8º Juizado Especial Federal do Rio de Janeiro,2402,565.4534301757815,594.786865234375,0.9506824431184526,0.3954,False
Cumprimento de Sentença contra a Fazenda Pública,3ª Vara Federal de Nova Iguaçu,2375,576.0225219726561,594.786865234375,0.9684519878321038,0.4028,False
Cumprimento de Sentença contra a Fazenda Pública,33ª Vara Federal do Rio de Janeiro,2344,594.786865234375,594.786865234375,1.0,0.4158,False
Cumprimento de Sentença contra a Fazenda Pública,3ª Vara Federal de Niterói,2296,684.9383544921876,594.786865234375,1.1515694016247122,0.4736,False
Cumprimento de Sentença contra a Fazenda Pública,27ª Vara Federal do Rio de Janeiro,2286,594.786865234375,594.786865234375,1.0,0.4158,False
Cumprimento de Sentença contra a Fazenda Pública,6ª Vara Federal do Rio de Janeiro,2209,544.3575439453125,594.786865234375,0.9152144671702007,0.3803,False
Cumprimento de Sentença contra a Fazenda Pública,4 º Núcleo de Justiça 4.0 - SJRJ - Previdenciário,2096,549.566223144531,594.786865234375,0.9239716867788853,0.384,False
Cumprimento de Sentença contra a Fazenda Pública,1ª Vara Federal de Vitória,2087,582.8964843749999,594.786865234375,0.9800090056550094,0.4076,False
Cumprimento de Sentença contra a Fazenda Pública,2ª Vara Federal de São Gonçalo,2082,656.8914794921873,594.786865234375,1.1044149053852088,0.4564,False
Cumprimento de Sentença contra a Fazenda Pública,3 º Núcleo de Justiça 4.0 - SJRJ - Previdenciário,2013,477.5802307128904,594.786865234375,0.8029434720699499,0.3297,False
Cumprimento de Sentença contra a Fazenda Pública,Vara Federal de Nova Friburgo,1920,594.786865234375,594.786865234375,1.0,0.4158,False
Cumprimento de Sentença contra a Fazenda Pública,Vara Federal de Angra dos Reis,1919,868.8114013671874,594.786865234375,1.460710469833313,0.5717,False
Cumprimento de Sentença contra a Fazenda Pública,6ª Vara Federal de Vitória,1881,529.6022338867186,594.786865234375,0.8904067403674585,0.3694,False
Cumprimento de Sentença contra a Fazenda Pública,1 º Núcleo de Justiça 4.0 - SJRJ - Previdenciário,1877,594.786865234375,594.786865234375,1.0,0.4158,False
Cumprimento de Sentença contra a Fazenda Pública,2 º Núcleo de Justiça 4.0 - SJRJ - Previdenciário,1769,594.786865234375,594.786865234375,1.0,0.4158,False
Cumprimento de Sentença contra a Fazenda Pública,6 º Núcleo de Justiça 4.0 - SJRJ - Previdenciário,1634,541.8026733398435,594.786865234375,0.9109190283251243,0.3784,False
Cumprimento de Sentença contra a Fazenda Pública,1ª Vara Federal de Serra,1558,630.6990966796875,594.786865234375,1.0603783196038825,0.4396,False
Cumprimento de Sentença contra a Fazenda Pública,5 º Núcleo de Justiça 4.0 - SJRJ - Previdenciário,1520,594.786865234375,594.786865234375,1.0,0.4158,False
Cumprimento de Sentença contra a Fazenda Pública,21ª Vara Federal do Rio de Janeiro,1519,678.6861572265626,594.786865234375,1.1410577416821859,0.4698,False
Cumprimento de Sentença contra a Fazenda Pública,4ª Vara Federal de Volta Redonda,1492,487.02426147460926,594.786865234375,0.8188214803343009,0.3371,False
Cumprimento de Sentença contra a Fazenda Pública,12ª Vara Federal do Rio de Janeiro,1481,685.8004760742184,594.786865234375,1.1530188646717672,0.4741,False
Cumprimento de Sentença contra a Fazenda Pública,2ª Vara Federal de Duque de Caxias,1443,594.786865234375,594.786865234375,1.0,0.4158,False
Cumprimento de Sentença contra a Fazenda Pública,4ª Vara Federal de Niterói,1405,732.2913818359373,594.786865234375,1.2311828398352052,0.5013,False
Cumprimento de Sentença contra a Fazenda Pública,32ª Vara Federal do Rio de Janeiro,1396,801.0092773437503,594.786865234375,1.3467164864646324,0.5384,False
Cumprimento de Sentença contra a Fazenda Pública,2ª Vara Federal de Nova Iguaçu,1383,685.02978515625,594.786865234375,1.1517231216703396,0.4737,False
Cumprimento de Sentença contra a Fazenda Pública,28ª Vara Federal do Rio de Janeiro,1347,860.6152343749999,594.786865234375,1.4469304631262756,0.5679,False
Cumprimento de Sentença contra a Fazenda Pública,10ª Vara Federal do Rio de Janeiro,1287,819.087890625,594.786865234375,1.377111598290321,0.5476,False
Cumprimento de Sentença contra a Fazenda Pública,1ª Vara Federal de Duque de Caxias,1287,735.3773193359374,594.786865234375,1.2363711479172677,0.503,False
Cumprimento de Sentença contra a Fazenda Pública,2ª Vara Federal do Rio de Janeiro,1230,594.786865234375,594.786865234375,1.0,0.4158,False
Cumprimento de Sentença contra a Fazenda Pública,4ª Vara Federal do Rio de Janeiro,1195,594.786865234375,594.786865234375,1.0,0.4158,False
Cumprimento de Sentença contra a Fazenda Pública,30ª Vara Federal do Rio de Janeiro,1195,607.0975341796874,594.786865234375,1.0206976139939832,0.4241,False
Cumprimento de Sentença contra a Fazenda Pública,24ª Vara Federal do Rio de Janeiro,1161,725.784484863281,594.786865234375,1.2202429597655735,0.4976,False
Cumprimento de Sentença contra a Fazenda Pública,2ª Vara Federal de Cachoeiro do Itapemirim,1127,594.786865234375,594.786865234375,1.0,0.4158,False
Cumprimento de Sentença contra a Fazenda Pública,5ª Vara Federal de São João de Meriti,1055,632.4801635742188,594.786865234375,1.0633727819880332,0.4408,False
Cumprimento de Sentença contra a Fazenda Pública,9ª Vara Federal,1048,846.352783203125,594.786865234375,1.4229513674106116,0.561,False
Cumprimento de Sentença contra a Fazenda Pública,2ª Vara de Execução Fiscal de São João de Meriti,1041,594.786865234375,594.786865234375,1.0,0.4158,False
Cumprimento de Sentença contra a Fazenda Pública,1ª Vara Federal de Niterói,1039,775.4465332031249,594.786865234375,1.3037384961377068,0.525,False
Cumprimento de Sentença contra a Fazenda Pública,3ª Vara de Execução Fiscal do Rio de Janeiro,1014,594.786865234375,594.786865234375,1.0,0.4158,False
Cumprimento de Sentença contra a Fazenda Pública,22ª Vara Federal do Rio de Janeiro,1008,754.605041503906,594.786865234375,1.2686982272322957,0.5137,False
Cumprimento de Sentença contra a Fazenda Pública,9ª Vara de Execução Fiscal do Rio de janeiro,1000,594.786865234375,594.786865234375,1.0,0.4158,False
Cumprimento de Sentença contra a Fazenda Pública,1ª Vara Federal de Volta Redonda,985,836.5798339843751,594.786865234375,1.4065203569260425,0.5563,False
Cumprimento de Sentença contra a Fazenda Pública,16ª Vara Federal do Rio de Janeiro,963,646.572570800781,594.786865234375,1.0870659871515487,0.4498,False
Cumprimento de Sentença contra a Fazenda Pública,3ª Vara Federal de Volta Redonda,939,787.8410034179686,594.786865234375,1.3245770030707065,0.5316,False
Cumprimento de Sentença contra a Fazenda Pública,1ª Vara de Execução Fiscal de São João de Meriti,909,651.3926391601561,594.786865234375,1.0951698452578904,0.4529,False
Cumprimento de Sentença contra a Fazenda Pública,1ª Vara federal de cachoeiro de itapemirim,905,1383.9466552734373,594.786865234375,2.3267942454110764,0.7468,True
Cumprimento de Sentença contra a Fazenda Pública,26ª Vara Federal do Rio de Janeiro,895,594.786865234375,594.786865234375,1.0,0.4158,False
Cumprimento de Sentença contra a Fazenda Pública,8ª Vara de Execução Fiscal do Rio de Janeiro,878,594.786865234375,594.786865234375,1.0,0.4158,False
Cumprimento de Sentença contra a Fazenda Pública,6ª Vara Federal de São João de Meriti,872,726.0662231445316,594.786865234375,1.2207166391585096,0.4978,False
Cumprimento de Sentença contra a Fazenda Pública,14ª Vara Federal do Rio de Janeiro,854,888.2783813476559,594.786865234375,1.4934398072116655,0.5808,False
Cumprimento de Sentença contra a Fazenda Pública,5ª Vara de Execução Fiscal do Rio de Janeiro,832,594.786865234375,594.786865234375,1.0,0.4158,False
Cumprimento de Sentença contra a Fazenda Pública,10ª Vara de Execução Fiscal do Rio de Janeiro,831,594.786865234375,594.786865234375,1.0,0.4158,False
Cumprimento de Sentença contra a Fazenda Pública,1ª Vara Federal de Petrópolis,817,594.786865234375,594.786865234375,1.0,0.4158,False
Cumprimento de Sentença contra a Fazenda Pública,8ª Vara Federal do Rio de Janeiro,815,974.7631225585941,594.786865234375,1.6388443987822259,0.618,False
Cumprimento de Sentença contra a Fazenda Pública,1ª Vara de Execução Fiscal do Rio de Janeiro,814,594.786865234375,594.786865234375,1.0,0.4158,False
Cumprimento de Sentença contra a Fazenda Pública,Vara Federal de Magé,787,1298.381469726562,594.786865234375,2.182935679346141,0.7251,True
Cumprimento de Sentença contra a Fazenda Pública,15ª Vara Federal do Rio de Janeiro,780,594.786865234375,594.786865234375,1.0,0.4158,False
Cumprimento de Sentença contra a Fazenda Pública,12ª Vara de Execução Fiscal do Rio de Janeiro,772,594.786865234375,594.786865234375,1.0,0.4158,False
Cumprimento de Sentença contra a Fazenda Pública,11ª Vara Federal do Rio de Janeiro,767,721.685363769531,594.786865234375,1.2133512119255556,0.4953,False
Cumprimento de Sentença contra a Fazenda Pública,7ª Vara de Execução Fiscal do Rio de Janeiro,721,594.786865234375,594.786865234375,1.0,0.4158,False
Cumprimento de Sentença contra a Fazenda Pública,11ª Vara de Execução Fiscal do Rio de Janeiro,718,594.786865234375,594.786865234375,1.0,0.4158,False
Cumprimento de Sentença contra a Fazenda Pública,19ª Vara Federal do Rio de Janeiro,704,816.2031250000003,594.786865234375,1.3722615153553812,0.5461,False
Cumprimento de Sentença contra a Fazenda Pública,17ª Vara Federal do Rio de Janeiro,692,594.786865234375,594.786865234375,1.0,0.4158,False
Cumprimento de Sentença contra a Fazenda Pública,3ª Vara Federal do Rio de Janeiro,684,594.786865234375,594.786865234375,1.0,0.4158,False
Cumprimento de Sentença contra a Fazenda Pública,2ª Vara de Execução Fiscal do Rio de Janeiro,684,633.2315673828126,594.786865234375,1.0646360980639487,0.4413,False
Cumprimento de Sentença contra a Fazenda Pública,Juizado Especial Federal de Resende,671,343.50476074218767,594.786865234375,0.5775258009553221,0.2168,False
Cumprimento de Sentença contra a Fazenda Pública,2ª Vara Federal de Petrópolis,596,681.415222167969,594.786865234375,1.145646049025407,0.4715,False
Cumprimento de Sentença contra a Fazenda Pública,5ª Vara Federal de Niterói,545,805.0516967773439,594.786865234375,1.3535129032483162,0.5405,False
Cumprimento de Sentença contra a Fazenda Pública,18ª Vara Federal do Rio de Janeiro,496,594.786865234375,594.786865234375,1.0,0.4158,False
Cumprimento de Sentença contra a Fazenda Pública,5ª Vara Federal de Vitória,465,583.8684082031252,594.786865234375,0.9816430764204126,0.4083,False
Cumprimento de Sentença contra a Fazenda Pública,6ª Vara de Execução Fiscal do Rio de Janeiro,455,594.786865234375,594.786865234375,1.0,0.4158,False
Cumprimento de Sentença contra a Fazenda Pública,29ª Vara Federal do Rio de Janeiro,425,594.786865234375,594.786865234375,1.0,0.4158,False
Cumprimento de Sentença contra a Fazenda Pública,1ª Vara Federal do Rio de Janeiro,372,466.6303405761719,594.786865234375,0.7845337008111246,0.321,False
Cumprimento de Sentença contra a Fazenda Pública,20ª Vara Federal do Rio de Janeiro,342,594.786865234375,594.786865234375,1.0,0.4158,False
Cumprimento de Sentença contra a Fazenda Pública,23ª Vara Federal do Rio de Janeiro,313,656.6077270507811,594.786865234375,1.1039378396361286,0.4562,False
Cumprimento de Sentença contra a Fazenda Pública,6º Juizado Especial Federal do Rio de Janeiro,300,540.37353515625,594.786865234375,0.9085162547147313,0.3774,False
Cumprimento de Sentença contra a Fazenda Pública,3ª Vara de Execução Fiscal de Vitória,220,594.786865234375,594.786865234375,1.0,0.4158,False
Cumprimento de Sentença contra a Fazenda Pública,4ª Vara de Execução Fiscal de Vitória,190,594.786865234375,594.786865234375,1.0,0.4158,False
Cumprimento de Sentença contra a Fazenda Pública,4ª Vara Federal de Duque de Caxias,182,568.7253417968749,594.786865234375,0.9561834247512668,0.3977,False
Cumprimento de Sentença contra a Fazenda Pública,7ª Vara Federal de São João de Meriti,158,446.7785949707033,594.786865234375,0.7511574667921606,0.305,False
Cumprimento de Sentença contra a Fazenda Pública,1ª Vara de Execução Fiscal de São Gonçalo,106,594.786865234375,594.786865234375,1.0,0.4158,False
Cumprimento de Sentença contra a Fazenda Pública,Centro de Solução de Conflitos e Cidadania,105,577.2232666015626,594.786865234375,0.9704707691789873,0.4037,False
Cumprimento de Sentença contra a Fazenda Pública,2ª Vara de Execução Fiscal de Vitória,97,594.786865234375,594.786865234375,1.0,0.4158,False
Execução Fiscal,4ª Vara de Execução Fiscal de Vitória,29370,1220.9298095703123,1220.9298095703123,1.0,0.7034,False
Execução Fiscal,2ª Vara de Execução Fiscal de Vitória,28723,1220.9298095703123,1220.9298095703123,1.0,0.7034,False
Execução Fiscal,3ª Vara de Execução Fiscal de Vitória,28607,1171.209350585938,1220.9298095703123,0.9592765623423736,0.6883,False
Execução Fiscal,2ª Vara de Execução Fiscal do Rio de Janeiro,18724,1290.3959960937502,1220.9298095703123,1.0568961343878445,0.723,False
Execução Fiscal,5ª Vara Federal de Niterói,18679,2229.1950683593755,1220.9298095703123,1.8258175456817676,0.8769,False
Execução Fiscal,11ª Vara de Execução Fiscal do Rio de Janeiro,18495,1220.9298095703123,1220.9298095703123,1.0,0.7034,False
Execução Fiscal,1ª Vara de Execução Fiscal do Rio de Janeiro,18457,1220.9298095703123,1220.9298095703123,1.0,0.7034,False
Execução Fiscal,10ª Vara de Execução Fiscal do Rio de Janeiro,18451,1220.9298095703123,1220.9298095703123,1.0,0.7034,False
Execução Fiscal,4ª Vara de Execução Fiscal do Rio de Janeiro,18384,1220.9298095703123,1220.9298095703123,1.0,0.7034,False
Execução Fiscal,7ª Vara de Execução Fiscal do Rio de Janeiro,18380,1220.9298095703123,1220.9298095703123,1.0,0.7034,False
Execução Fiscal,9ª Vara de Execução Fiscal do Rio de janeiro,18228,1220.9298095703123,1220.9298095703123,1.0,0.7034,False
Execução Fiscal,5ª Vara de Execução Fiscal do Rio de Janeiro,18227,1220.9298095703123,1220.9298095703123,1.0,0.7034,False
Execução Fiscal,6ª Vara de Execução Fiscal do Rio de Janeiro,18070,1220.9298095703123,1220.9298095703123,1.0,0.7034,False
Execução Fiscal,3ª Vara de Execução Fiscal do Rio de Janeiro,18023,1154.7384033203127,1220.9298095703123,0.9457860675272606,0.6831,False
Execução Fiscal,1ª Vara de Execução Fiscal de São João de Meriti,17823,1305.7967529296875,1220.9298095703123,1.0695100919759202,0.7271,False
Execução Fiscal,8ª Vara de Execução Fiscal do Rio de Janeiro,17740,1183.080810546875,1220.9298095703123,0.968999856726606,0.692,False
Execução Fiscal,12ª Vara de Execução Fiscal do Rio de Janeiro,17700,1220.9298095703123,1220.9298095703123,1.0,0.7034,False
Execução Fiscal,2ª Vara de Execução Fiscal de São João de Meriti,17411,1263.8533935546877,1220.9298095703123,1.0351564714432533,0.7157,False
Execução Fiscal,1ª Vara de Execução Fiscal de São Gonçalo,10365,1268.354736328125,1220.9298095703123,1.038843286801641,0.7169,False
Execução Fiscal,Vara Federal de Nova Friburgo,1790,550.1655883789064,1220.9298095703123,0.4506119713569192,0.3845,False
Execução Fiscal,1ª Vara Federal de Volta Redonda,1097,753.6589355468749,1220.9298095703123,0.6172827705895015,0.5132,False
Execução Fiscal,3ª Vara Federal de Volta Redonda,1013,546.2473754882811,1220.9298095703123,0.4474027673061112,0.3816,False
Execução Fiscal,Vara Federal de Teresópolis,870,1220.9298095703123,1220.9298095703123,1.0,0.7034,False
Execução Fiscal,1ª Vara Federal de Itaboraí,854,659.8222656250002,1220.9298095703123,0.5404260428838368,0.4582,False
Execução Fiscal,2ª Vara Federal de Itaboraí,702,1052.0406494140625,1220.9298095703123,0.8616716875676188,0.6479,False
Execução Fiscal,1ª Vara Federal de Duque de Caxias,563,488.46670532226574,1220.9298095703123,0.4000776305840007,0.3382,False
Execução Fiscal,2ª Vara Federal de Duque de Caxias,558,825.4833374023436,1220.9298095703123,0.6761103962994073,0.5508,False
Execução Fiscal,1ª Vara Federal de Nova Iguaçu,336,706.5411376953127,1220.9298095703123,0.5786910370744156,0.4865,False
Execução Fiscal,2ª Vara Federal de Nova Iguaçu,261,1128.55322265625,1220.9298095703123,0.9243391502198044,0.6745,False
Execução Fiscal,Vara Federal de Resende,149,1220.9298095703123,1220.9298095703123,1.0,0.7034,False
Execução Fiscal,2ª Vara Federal de São Pedro da Aldeia,144,992.887268066406,1220.9298095703123,0.8132222346310289,0.6253,False
Recurso Inominado Cível,Gabinete do Juízo Gestor das Turmas Recursais,28436,511.56756591796864,175.247573852539,2.9191135413288176,0.3559,True
Recurso Inominado Cível,2ª Turma Recursal - Juiz Relator 1 - ES,14590,212.26405334472665,175.247573852539,1.2112239198434491,0.0997,False
Recurso Inominado Cível,1ª Turma Recursal - Juiz Relator 2 - ES,13260,180.08302307128906,175.247573852539,1.0275921036305975,0.073,False
Recurso Inominado Cível,2ª Turma Recursal - Juiz Relator 3 - ES,12001,176.78923034667974,175.247573852539,1.008797020467958,0.0704,False
Recurso Inominado Cível,1ª Turma Recursal - Juiz Relator 1 - ES,11876,176.78923034667974,175.247573852539,1.008797020467958,0.0704,False
Recurso Inominado Cível,2ª Turma Recursal - Juiz Relator 2 - ES,11870,163.47961425781247,176.78923034667974,0.9247147800645582,0.0601,False
Recurso Inominado Cível,4ª Turma Recursal - Juiz Relator 2 - RJ,11751,502.32406616210926,175.247573852539,2.8663681620196737,0.3489,True
Recurso Inominado Cível,Gabinete do Juízo Vice-Gestor das Turmas Recursais,11658,354.5110168457031,175.247573852539,2.022915405060068,0.2266,True
Recurso Inominado Cível,1ª Turma Recursal - Juiz Relator 3 - ES,11416,175.247573852539,176.78923034667974,0.9912796922577377,0.0692,False
Recurso Inominado Cível,4ª Turma Recursal - Juiz Relator 3 - RJ,11315,215.69392395019534,175.247573852539,1.2307954923911795,0.1027,False
Recurso Inominado Cível,5ª Turma Recursal - Juiz Relator 3 - RJ,11245,330.6280212402343,175.247573852539,1.886633942895205,0.2053,False
Recurso Inominado Cível,4ª Turma Recursal - Juiz Relator 1 - RJ,10638,134.59025573730466,176.78923034667974,0.761303476876822,0.0395,False
Recurso Inominado Cível,2ª Turma Recursal - Juiz Relator 3 - RJ,10586,176.78923034667974,175.247573852539,1.008797020467958,0.0704,False
Recurso Inominado Cível,5ª Turma Recursal - Juiz Relator 2 - RJ,10416,164.70382690429685,176.78923034667974,0.9316394815527864,0.061,False
Recurso Inominado Cível,2ª Turma Recursal - Juiz Relator 1 - RJ,10385,134.82182312011716,176.78923034667974,0.7626133269302353,0.0397,False
Recurso Inominado Cível,3ª Turma Recursal - Juiz Relator 1 - RJ,10366,107.63154602050777,176.78923034667974,0.6088127982086052,0.0234,False
Recurso Inominado Cível,3ª Turma Recursal - Juiz Relator 3 - RJ,10260,103.31145477294923,176.78923034667974,0.58437640443571,0.0211,False
Recurso Inominado Cível,2ª Turma Recursal - Juiz Relator 2 - RJ,10188,115.49845123291018,176.78923034667974,0.6533115790278644,0.0277,False
Recurso Inominado Cível,3ª Turma Recursal - Juiz Relator 2 - RJ,10169,106.17413330078125,176.78923034667974,0.6005690114300296,0.0226,False
Recurso Inominado Cível,1ª Turma Recursal - Juiz Relator 3 - RJ,10086,85.03316497802736,176.78923034667974,0.48098611443287137,0.0128,False
Recurso Inominado Cível,1ª Turma Recursal - Juiz Relator 2 - RJ,10037,122.50785064697264,176.78923034667974,0.6929599184675304,0.0319,False
Recurso Inominado Cível,1ª Turma Recursal - Juiz Relator 1 - RJ,10030,87.24717712402342,176.78923034667974,0.4935095704242484,0.0137,False
Recurso Inominado Cível,7ª Turma Recursal - Juiz Relator 3 - RJ,8400,176.78923034667974,175.247573852539,1.008797020467958,0.0704,False
Recurso Inominado Cível,6ª Turma Recursal - Juiz Relator 1 - RJ,8298,148.86003112792966,176.78923034667974,0.842019792925273,0.0493,False
Recurso Inominado Cível,6ª Turma Recursal - Juiz Relator 2 - RJ,8227,169.81608581542972,176.78923034667974,0.9605567346066508,0.0649,False
Recurso Inominado Cível,6ª Turma Recursal - Juiz Relator 3 - RJ,8082,164.31074523925787,176.78923034667974,0.9294160335278804,0.0607,False
Recurso Inominado Cível,7ª Turma Recursal - Juiz Relator 2 - RJ,7939,111.74563598632811,176.78923034667974,0.632083955381204,0.0256,False
Recurso Inominado Cível,8ª Turma Recursal - Juiz Relator 3 - RJ,7679,127.3608551025391,176.78923034667974,0.7204107108379131,0.0349,False
Recurso Inominado Cível,8ª Turma Recursal - Juiz Relator 1 - RJ,7605,105.00569152832028,176.78923034667974,0.5939597752782025,0.022,False
Recurso Inominado Cível,8ª Turma Recursal - Juiz Relator 2 - RJ,7339,130.7933502197266,176.78923034667974,0.7398264586776228,0.0371,False
Recurso Inominado Cível,Coordenadoria das Turmas Recursais,4199,222.8787994384766,175.247573852539,1.2717939229561979,0.1089,False
Recurso Inominado Cível,7ª Turma Recursal - Juiz Relator 1 - RJ,2760,176.78923034667974,175.247573852539,1.008797020467958,0.0704,False
Recurso Inominado Cível,5ª Turma Recursal - Juiz Relator 1 - RJ,2628,253.4559631347656,175.247573852539,1.4462737347110697,0.1359,False
Recurso Inominado Cível,1ª Turma Recursal do Rio de Janeiro,2021,234.7755889892579,175.247573852539,1.33967953922608,0.1193,False
Recurso Inominado Cível,Presidência das Turmas Recursais,1267,213.00410461425787,175.247573852539,1.2154468100853075,0.1004,False
Recurso Inominado Cível,2ª Turma Recursal do Rio de Janeiro,680,189.91983032226554,175.247573852539,1.0837230219350849,0.081,False
Recurso Inominado Cível,3ª Turma Recursal do Rio de Janeiro,190,176.78923034667974,175.247573852539,1.008797020467958,0.0704,False
Recurso Inominado Cível,2ª Vara Federal de Cachoeiro do Itapemirim,90,176.78923034667974,175.247573852539,1.008797020467958,0.0704,False
Cumprimento de sentença,6º Juizado Especial Federal do Rio de Janeiro,12098,475.3090515136717,600.1885986328127,0.7919328234431513,0.3279,False
Cumprimento de sentença,1ª Vara Federal de Serra,11319,615.2833251953126,600.1885986328127,1.0251499721868835,0.4295,False
Cumprimento de sentença,2ª Vara Federal de Cachoeiro do Itapemirim,9338,600.1885986328127,600.1885986328127,1.0,0.4194,False
Cumprimento de sentença,15ª Vara Federal do Rio de Janeiro,8837,412.86706542968733,600.1885986328127,0.6878955487827816,0.2769,False
Cumprimento de sentença,4ª Vara Federal de Duque de Caxias,8112,587.7923583984373,600.1885986328127,0.9793460917741303,0.411,False
Cumprimento de sentença,4ª Vara Federal de Volta Redonda,7858,478.12390136718756,600.1885986328127,0.7966227656711908,0.3301,False
Cumprimento de sentença,8º Juizado Especial Federal do Rio de Janeiro,7688,449.30062866210926,600.1885986328127,0.7485990731673083,0.3071,False
Cumprimento de sentença,1ª Vara Federal do Rio de Janeiro,7387,436.1556091308594,600.1885986328127,0.7266975915976929,0.2963,False
Cumprimento de sentença,13º Juizado Especial Federal do Rio de Janeiro,7048,600.1885986328127,600.1885986328127,1.0,0.4194,False
Cumprimento de sentença,7ª Vara Federal de São João de Meriti,6976,465.56863403320295,600.1885986328127,0.7757038955650531,0.3202,False
Cumprimento de sentença,2ª Vara Federal de Petrópolis,6610,517.5933227539065,600.1885986328127,0.8623844637051545,0.3605,False
Cumprimento de sentença,33ª Vara Federal do Rio de Janeiro,5576,600.1885986328127,600.1885986328127,1.0,0.4194,False
Cumprimento de sentença,Vara Federal de Colatina,5217,654.3869628906252,600.1885986328127,1.0903022223035768,0.4548,False
Cumprimento de sentença,9º Juizado Especial Federal do Rio de Janeiro,5183,404.5047912597658,600.1885986328127,0.6739628046604004,0.2699,False
Cumprimento de sentença,6ª Vara Federal de Vitória,5105,739.5245971679685,600.1885986328127,1.2321536911106832,0.5054,False
Cumprimento de sentença,1ª Vara Federal de Vitória,4875,627.8790283203125,600.1885986328127,1.0461362141009953,0.4378,False
Cumprimento de sentença,35ª Vara Federal do Rio de Janeiro,4089,545.2153320312502,600.1885986328127,0.9084066796223925,0.3809,False
Cumprimento de sentença,9ª Vara Federal,3811,854.0391845703124,600.1885986328127,1.4229513631477728,0.5647,False
Cumprimento de sentença,2º Juizado Especial Federal de Vitória,3811,661.3815307617191,600.1885986328127,1.101956172223697,0.4592,False
Cumprimento de sentença,12ª Vara Federal do Rio de Janeiro,3526,741.3602294921878,600.1885986328127,1.2352121169594925,0.5064,False
Cumprimento de sentença,1ª Vara Federal de Niterói,2996,799.9573364257809,600.1885986328127,1.3328432733444575,0.5379,False
Cumprimento de sentença,2ª Vara Federal de Vitória,2968,699.5421142578126,600.1885986328127,1.1655371592384798,0.4823,False
Cumprimento de sentença,34ª Vara Federal do Rio de Janeiro,2896,484.73153686523415,600.1885986328127,0.8076320309473028,0.3353,False
Cumprimento de sentença,2ª Vara Federal de São Pedro da Aldeia,2616,600.1885986328127,600.1885986328127,1.0,0.4194,False
Cumprimento de sentença,Vara Federal de Angra dos Reis,2365,854.815368652344,600.1885986328127,1.4242445967810002,0.5651,False
Cumprimento de sentença,3ª Vara Federal do Rio de Janeiro,2334,600.1885986328127,600.1885986328127,1.0,0.4194,False
Cumprimento de sentença,17ª Vara Federal do Rio de Janeiro,2210,600.1885986328127,600.1885986328127,1.0,0.4194,False
Cumprimento de sentença,14º Juizado Especial Federal do Rio de Janeiro,2153,600.1885986328127,600.1885986328127,1.0,0.4194,False
Cumprimento de sentença,18ª Vara Federal do Rio de Janeiro,2137,600.1885986328127,600.1885986328127,1.0,0.4194,False
Cumprimento de sentença,15º Juizado Especial Federal do Rio de Janeiro,2097,699.6448364257815,600.1885986328127,1.165708309054059,0.4824,False
Cumprimento de sentença,1ª Vara Federal de Duque de Caxias,2083,729.6145629882816,600.1885986328127,1.2156421575656253,0.4998,False
Cumprimento de sentença,1ª Vara Federal de Campos,2032,730.6966552734376,600.1885986328127,1.2174450779936723,0.5004,False
Cumprimento de sentença,16ª Vara Federal do Rio de Janeiro,2024,636.05712890625,600.1885986328127,1.0597620987055456,0.4431,False
Cumprimento de sentença,4ª Vara Federal de Niterói,2014,791.5368652343749,600.1885986328127,1.3188135646652401,0.5335,False
Cumprimento de sentença,29ª Vara Federal do Rio de Janeiro,1984,600.1885986328127,600.1885986328127,1.0,0.4194,False
Cumprimento de sentença,20ª Vara Federal do Rio de Janeiro,1943,600.1885986328127,600.1885986328127,1.0,0.4194,False
Cumprimento de sentença,2ª Vara Federal de São Gonçalo,1936,662.8572387695314,600.1885986328127,1.10441491271156,0.4601,False
Cumprimento de sentença,1ª Vara Federal de São Pedro da Aldeia,1903,600.1885986328127,600.1885986328127,1.0,0.4194,False
Cumprimento de sentença,5ª Vara Federal de Vitória,1798,589.1710205078123,600.1885986328127,0.9816431399228547,0.4119,False
Cumprimento de sentença,26ª Vara Federal do Rio de Janeiro,1767,600.1885986328127,600.1885986328127,1.0,0.4194,False
Cumprimento de sentença,5ª Vara Federal do Rio de Janeiro,1693,600.1885986328127,600.1885986328127,1.0,0.4194,False
Cumprimento de sentença,23ª Vara Federal do Rio de Janeiro,1692,771.0838623046874,600.1885986328127,1.2847359381053922,0.5227,False
Cumprimento de sentença,2ª Vara Federal de Duque de Caxias,1614,600.1885986328127,600.1885986328127,1.0,0.4194,False
Cumprimento de sentença,19ª Vara Federal do Rio de Janeiro,1568,823.6157836914066,600.1885986328127,1.3722616283740565,0.5499,False
Cumprimento de sentença,10ª Vara Federal do Rio de Janeiro,1559,713.1777954101561,600.1885986328127,1.18825615320705,0.4903,False
Cumprimento de sentença,4ª Vara Federal do Rio de Janeiro,1538,600.1885986328127,600.1885986328127,1.0,0.4194,False
Cumprimento de sentença,27ª Vara Federal do Rio de Janeiro,1535,600.1885986328127,600.1885986328127,1.0,0.4194,False
Cumprimento de sentença,Vara Federal de Macaé,1487,600.1885986328127,600.1885986328127,1.0,0.4194,False
Cumprimento de sentença,2ª Vara Federal do Rio de Janeiro,1453,600.1885986328127,600.1885986328127,1.0,0.4194,False
Cumprimento de sentença,22ª Vara Federal do Rio de Janeiro,1419,750.4050292968752,600.1885986328127,1.2502820463538376,0.5114,False
Cumprimento de sentença,2º Juizado Especial Federal de São Gonçalo,1418,604.0681152343751,600.1885986328127,1.0064638292203478,0.422,False
Cumprimento de sentença,21ª Vara Federal do Rio de Janeiro,1412,702.8284301757811,600.1885986328127,1.1710126313241782,0.4843,False
Cumprimento de sentença,5ª Vara Federal de São João de Meriti,1409,638.2242431640627,600.1885986328127,1.0633728208398034,0.4445,False
Cumprimento de sentença,30ª Vara Federal do Rio de Janeiro,1391,637.7362670898439,600.1885986328127,1.0625597829458309,0.4442,False
Cumprimento de sentença,2ª Vara Federal de Nova Iguaçu,1378,694.0525512695316,600.1885986328127,1.1563907625878505,0.4791,False
Cumprimento de sentença,7ª Vara Federal do Rio de Janeiro,1376,600.1885986328127,600.1885986328127,1.0,0.4194,False
Cumprimento de sentença,1ª Vara Federal de Petrópolis,1374,600.1885986328127,600.1885986328127,1.0,0.4194,False
Cumprimento de sentença,6ª Vara Federal do Rio de Janeiro,1326,600.1885986328127,600.1885986328127,1.0,0.4194,False
Cumprimento de sentença,6ª Vara Federal de São João de Meriti,1324,707.6325073242189,600.1885986328127,1.1790169105780346,0.4871,False
Cumprimento de sentença,14ª Vara Federal do Rio de Janeiro,1284,946.6984252929692,600.1885986328127,1.5773349034778092,0.6064,False
Cumprimento de sentença,Vara Federal de Linhares,1234,732.2781372070315,600.1885986328127,1.220080052961868,0.5013,False
Cumprimento de sentença,4ª Vara Federal de Vitória,1209,788.0167846679689,600.1885986328127,1.3129486072594772,0.5317,False
Cumprimento de sentença,32ª Vara Federal do Rio de Janeiro,1205,808.2839355468752,600.1885986328127,1.34671657773588,0.5421,False
Cumprimento de sentença,1ª Vara federal de cachoeiro de itapemirim,1185,1532.525024414063,600.1885986328127,2.553405759298072,0.7794,True
Cumprimento de sentença,4ª Vara de Execução Fiscal do Rio de Janeiro,1140,600.1885986328127,600.1885986328127,1.0,0.4194,False
Cumprimento de sentença,24ª Vara Federal do Rio de Janeiro,1132,805.7372436523439,600.1885986328127,1.3424734249996693,0.5408,False
Cumprimento de sentença,7ª Vara Federal de Niterói,1086,674.38720703125,600.1885986328127,1.1236254880006993,0.4672,False
Cumprimento de sentença,3ª Vara Federal de São Gonçalo,1083,600.1885986328127,600.1885986328127,1.0,0.4194,False
Cumprimento de sentença,2ª Vara Federal de Itaboraí,1080,499.0099182128907,600.1885986328127,0.8314218553128134,0.3464,False
Cumprimento de sentença,13ª Vara Federal,1076,637.070068359375,600.1885986328127,1.0614498006302946,0.4438,False
Cumprimento de sentença,4ª Vara Federal de São Gonçalo,1071,600.1885986328127,600.1885986328127,1.0,0.4194,False
Cumprimento de sentença,Vara Federal de Três Rios,1046,600.1885986328127,600.1885986328127,1.0,0.4194,False
Cumprimento de sentença,28ª Vara Federal do Rio de Janeiro,1024,758.6404418945312,600.1885986328127,1.2640034209624451,0.5159,False
Cumprimento de sentença,1ª Vara Federal de Nova Iguaçu,968,703.6379394531249,600.1885986328127,1.1723613894965057,0.4848,False
Cumprimento de sentença,1ª Vara de Execução Fiscal de São Gonçalo,931,600.1885986328127,600.1885986328127,1.0,0.4194,False
Cumprimento de sentença,1ª Vara Federal de Volta Redonda,931,847.7248535156252,600.1885986328127,1.4124307850010525,0.5617,False
Cumprimento de sentença,Vara Federal de Teresópolis,895,600.1885986328127,600.1885986328127,1.0,0.4194,False
Cumprimento de sentença,1ª Vara Federal de Itaboraí,872,483.52416992187517,600.1885986328127,0.8056203850311537,0.3344,False
Cumprimento de sentença,Vara Federal de Itaperuna,867,600.1885986328127,600.1885986328127,1.0,0.4194,False
Cumprimento de sentença,3ª Vara Federal de Niterói,846,744.2653808593752,600.1885986328127,1.240052514417567,0.508,False
Cumprimento de sentença,11ª Vara Federal do Rio de Janeiro,829,728.554931640625,600.1885986328127,1.2138766602701578,0.4992,False
Cumprimento de sentença,6ª Vara Federal de Niterói,805,643.7229614257814,600.1885986328127,1.0725344714846914,0.448,False
Cumprimento de sentença,3ª Vara Federal de Duque de Caxias,737,487.75006103515614,600.1885986328127,0.8126613237009439,0.3377,False
Cumprimento de sentença,Vara Federal de Barra do Piraí,734,610.7446899414064,600.1885986328127,1.017587957073226,0.4265,False
Cumprimento de sentença,8ª Vara Federal do Rio de Janeiro,723,871.1776733398436,600.1885986328127,1.451506535319606,0.5729,False
Cumprimento de sentença,3ª Vara Federal de Volta Redonda,695,790.8090820312502,600.1885986328127,1.3176009738149934,0.5331,False
Cumprimento de sentença,Vara Federal de Resende,656,600.1885986328127,600.1885986328127,1.0,0.4194,False
Cumprimento de sentença,Vara Federal de São Mateus,615,631.4920043945314,600.1885986328127,1.052155948701834,0.4402,False
Cumprimento de sentença,12º Juizado Especial Federal do Rio de Janeiro,585,600.1885986328127,600.1885986328127,1.0,0.4194,False
Cumprimento de sentença,45ª Vara Federal do Rio de Janeiro,570,621.7642211914064,600.1885986328127,1.0359480713358125,0.4338,False
Cumprimento de sentença,25ª Vara Federal,558,600.1885986328127,600.1885986328127,1.0,0.4194,False
Cumprimento de sentença,12ª Vara de Execução Fiscal do Rio de Janeiro,454,600.1885986328127,600.1885986328127,1.0,0.4194,False
Cumprimento de sentença,6ª Vara de Execução Fiscal do Rio de Janeiro,453,600.1885986328127,600.1885986328127,1.0,0.4194,False
Cumprimento de sentença,Vara Federal de Nova Friburgo,432,600.1885986328127,600.1885986328127,1.0,0.4194,False
Cumprimento de sentença,11ª Vara de Execução Fiscal do Rio de Janeiro,429,600.1885986328127,600.1885986328127,1.0,0.4194,False
Cumprimento de sentença,31ª Vara Federal,428,630.4305419921876,600.1885986328127,1.0503874006075156,0.4395,False
Cumprimento de sentença,2ª Vara Federal de Nova Friburgo,408,535.9970703124998,600.1885986328127,0.8930477378834975,0.3742,False
Cumprimento de sentença,3º Juizado Especial Federal de São Gonçalo,358,600.1885986328127,600.1885986328127,1.0,0.4194,False
Cumprimento de sentença,7ª Vara de Execução Fiscal do Rio de Janeiro,334,600.1885986328127,600.1885986328127,1.0,0.4194,False
Cumprimento de sentença,2ª Vara de Execução Fiscal de Vitória,308,600.1885986328127,600.1885986328127,1.0,0.4194,False
Cumprimento de sentença,3ª Vara Federal de Nova Iguaçu,299,429.56692504882807,600.1885986328127,0.7157199020896952,0.2909,False
Cumprimento de sentença,4º Juizado Especial de Vitória,298,600.1885986328127,600.1885986328127,1.0,0.4194,False
Cumprimento de sentença,Vara Federal de Magé,295,1008.3397827148438,600.1885986328127,1.6800382163402814,0.6314,False
Cumprimento de sentença,3ª Vara de Execução Fiscal de Vitória,291,600.1885986328127,600.1885986328127,1.0,0.4194,False
Cumprimento de sentença,8ª Vara de Execução Fiscal do Rio de Janeiro,288,600.1885986328127,600.1885986328127,1.0,0.4194,False
Cumprimento de sentença,5ª Vara Federal de Volta Redonda,286,525.6269531250001,600.1885986328127,0.8757696402803072,0.3665,False
Cumprimento de sentença,4ª Vara de Execução Fiscal de Vitória,264,600.1885986328127,600.1885986328127,1.0,0.4194,False
Cumprimento de sentença,5ª Vara Federal de Nova Iguaçu,255,417.6256713867188,600.1885986328127,0.6958240665318212,0.2809,False
Cumprimento de sentença,2ª Vara de Execução Fiscal do Rio de Janeiro,238,640.2979736328127,600.1885986328127,1.0668279522326254,0.4458,False
Cumprimento de sentença,8ª Vara Federal de São João de Meriti,230,256.5424499511718,600.1885986328127,0.4274363933862746,0.1387,False
Cumprimento de sentença,1ª Vara de Execução Fiscal do Rio de Janeiro,226,600.1885986328127,600.1885986328127,1.0,0.4194,False
Cumprimento de sentença,2ª Vara de Execução Fiscal de São João de Meriti,194,600.1885986328127,600.1885986328127,1.0,0.4194,False
Cumprimento de sentença,5ª Vara Federal de Duque de Caxias,179,483.86990356445307,600.1885986328127,0.8061964267009979,0.3346,False
Cumprimento de sentença,9ª Vara de Execução Fiscal do Rio de janeiro,164,600.1885986328127,600.1885986328127,1.0,0.4194,False
Cumprimento de sentença,4ª Vara Federal de Nova Iguaçu,160,561.4943237304688,600.1885986328127,0.935529806813247,0.3926,False
Cumprimento de sentença,3ª Vara de Execução Fiscal do Rio de Janeiro,148,600.1885986328127,600.1885986328127,1.0,0.4194,False
Cumprimento de sentença,10ª Vara de Execução Fiscal do Rio de Janeiro,145,600.1885986328127,600.1885986328127,1.0,0.4194,False
Cumprimento de sentença,7º Juizado Especial Federal do Rio de Janeiro,124,498.45629882812494,600.1885986328127,0.830499446280008,0.3459,False
Cumprimento de sentença,1ª Vara de Execução Fiscal de São João de Meriti,120,658.3118896484374,600.1885986328127,1.0968417113354458,0.4573,False
Cumprimento de sentença,11º Juizado Especial Federal,106,593.5439453124998,600.1885986328127,0.9889290577404353,0.4149,False
Cumprimento de sentença,Juizado Especial Federal de Resende,100,347.55670166015625,600.1885986328127,0.5790791468746089,0.2204,False
Cumprimento de sentença,4ª Vara Federal de Campos,95,478.40829467773443,600.1885986328127,0.7970966055795041,0.3304,False
Cumprimento de sentença,5ª Vara Federal de Niterói,95,863.234130859375,600.1885986328127,1.438271458047956,0.5691,False
Apelação Cível,Gabinete da Vice-Presidência,23159,1980.368530273438,402.045135498047,4.925736827583275,0.85,True
Apelação Cível,GABINETE 23,8461,402.045135498047,402.045135498047,1.0,0.2678,False
Apelação Cível,GABINETE 24,8301,402.045135498047,402.045135498047,1.0,0.2678,False
Apelação Cível,GABINETE 20,7931,395.47357177734386,402.045135498047,0.9836546617768117,0.2622,False
Apelação Cível,GABINETE 17,7749,217.36416625976557,402.045135498047,0.54064617891844,0.1041,False
Apelação Cível,GABINETE 21,7737,279.19216918945324,402.045135498047,0.6944299147994777,0.1591,False
Apelação Cível,GABINETE 13,7587,402.045135498047,402.045135498047,1.0,0.2678,False
Apelação Cível,GABINETE 18,7527,228.43354797363276,402.045135498047,0.5681788630290303,0.1138,False
Apelação Cível,GABINETE 15,7422,279.38192749023426,402.045135498047,0.6949018973806025,0.1592,False
Apelação Cível,GABINETE 02,7360,339.3542175292969,402.045135498047,0.8440699502778721,0.2131,False
Apelação Cível,GABINETE 16,7345,308.6146240234375,402.045135498047,0.7676118842754576,0.1856,False
Apelação Cível,GABINETE 19,7268,402.045135498047,402.045135498047,1.0,0.2678,False
Apelação Cível,GABINETE 22,7236,355.11993408203136,402.045135498047,0.8832837478362089,0.2271,False
Apelação Cível,GABINETE 06,6993,402.045135498047,402.045135498047,1.0,0.2678,False
Apelação Cível,GABINETE 05,6747,402.045135498047,402.045135498047,1.0,0.2678,False
Apelação Cível,GABINETE 14,6746,254.44007873535156,402.045135498047,0.6328644628920962,0.1368,False
Apelação Cível,GABINETE 01,6377,402.045135498047,402.045135498047,1.0,0.2678,False
Apelação Cível,GABINETE 03,5962,402.045135498047,402.045135498047,1.0,0.2678,False
Apelação Cível,GABINETE 04,5895,402.045135498047,402.045135498047,1.0,0.2678,False
Apelação Cível,GABINETE 12,4635,530.5343627929686,402.045135498047,1.3195890609041974,0.3701,False
Apelação Cível,GABINETE 32,4552,448.78717041015625,402.045135498047,1.116260665246468,0.3067,False
Apelação Cível,GABINETE 31,4478,402.045135498047,402.045135498047,1.0,0.2678,False
Apelação Cível,GABINETE 08,4370,311.70977783203114,402.045135498047,0.7753104074891743,0.1884,False
Apelação Cível,GABINETE 09,4278,407.2973022460938,402.045135498047,1.0130636246637843,0.2722,False
Apelação Cível,GABINETE 26,4262,496.0926818847655,402.045135498047,1.2339228561246338,0.3441,False
Apelação Cível,GABINETE 10,4255,402.045135498047,402.045135498047,1.0,0.2678,False
Apelação Cível,GABINETE 29,4033,402.045135498047,402.045135498047,1.0,0.2678,False
Apelação Cível,GABINETE 07,3893,376.064422607422,402.045135498047,0.9353786164868267,0.2454,False
Apelação Cível,GABINETE 25,3826,407.51779174804676,402.045135498047,1.0136120444368026,0.2724,False
Apelação Cível,GABINETE 11,3704,402.045135498047,402.045135498047,1.0,0.2678,False
Apelação Cível,GABINETE 30,3610,274.99334716796875,402.045135498047,0.6839862564866291,0.1553,False
Apelação Cível,GABINETE 28,2383,402.045135498047,402.045135498047,1.0,0.2678,False
Apelação Cível,GABINETE 27,1993,402.045135498047,402.045135498047,1.0,0.2678,False
Apelação Cível,GABINETE 34 - JFC,1113,369.9227905273437,402.045135498047,0.9201026398916364,0.2401,False
Apelação Cível,GABINETE 33 - JFC,884,486.02694702148455,402.045135498047,1.2088865256867298,0.3363,False
Apelação Cível,GABINETE 36 - JFC,713,359.42080688476557,402.045135498047,0.8939812353145895,0.2309,False
Apelação Cível,GABINETE 35 - JFC,452,402.045135498047,402.045135498047,1.0,0.2678,False
Apelação Cível,CORREGEDORIA,93,402.045135498047,402.045135498047,1.0,0.2678,False
Outras classes,9ª Vara Federal Criminal do Rio de Janeiro,5375,253.20555114746102,253.20555114746102,1.0,0.1357,False
Outras classes,Núcleo Permanente de Métodos Consensuais de Solução de Conflitos,4264,161.72671508789062,253.20555114746102,0.6387170990327331,0.0587,False
Outras classes,2ª Vara Federal de Niterói,3932,296.8385009765626,253.20555114746102,1.1723222481946725,0.175,False
Outras classes,Setor de Distribuição do Rio de Janeiro,3184,31.522008895874023,253.20555114746102,0.12449177655475784,0.0005,False
Outras classes,2ª Vara Federal Criminal de Vitória,3134,253.20555114746102,253.20555114746102,1.0,0.1357,False
Outras classes,1ª Vara Federal Criminal de Vitória,2946,51.72623062133789,253.20555114746102,0.2042855316043752,0.003,False
Outras classes,7ª Vara Federal Criminal do Rio de Janeiro,2871,253.20555114746102,253.20555114746102,1.0,0.1357,False
Outras classes,2ª Vara Federal de Campos,2326,357.31295776367193,253.20555114746102,1.4111576785912612,0.229,False
Outras classes,8ª Vara Federal Criminal do Rio de Janeiro,2313,206.39268493652338,253.20555114746102,0.8151191156797549,0.0947,False
Outras classes,4ª Vara Federal Criminal do Rio de Janeiro,2272,253.20555114746102,253.20555114746102,1.0,0.1357,False
Outras classes,1ª Vara Federal de São Pedro da Aldeia,2146,253.20555114746102,253.20555114746102,1.0,0.1357,False
Outras classes,3ª Vara Federal de São João de Meriti,2133,253.20555114746102,253.20555114746102,1.0,0.1357,False
Outras classes,3ª Vara Federal Criminal do Rio de Janeiro,2120,190.50930786132807,253.20555114746102,0.7523899337830073,0.0815,False
Outras classes,4ª Vara Federal de Vitória,2072,476.4075012207031,253.20555114746102,1.8815049633064895,0.3288,False
Outras classes,2ª Vara Federal de Volta Redonda,2062,354.9008789062501,253.20555114746102,1.4016315096487126,0.2269,False
Outras classes,10ª Vara Federal Criminal do Rio de Janeiro,2050,253.20555114746102,253.20555114746102,1.0,0.1357,False
Outras classes,1ª Vara Federal Criminal do Rio de Janeiro,2033,190.05735778808602,253.20555114746102,0.7506050200194901,0.0811,False
Outras classes,GABINETE 03,1972,253.20555114746102,253.20555114746102,1.0,0.1357,False
Outras classes,1ª Vara federal de cachoeiro de itapemirim,1943,439.0887451171876,253.20555114746102,1.734119742349063,0.2987,False
Outras classes,6ª Vara Federal Criminal do Rio de Janeiro,1936,169.3663024902344,253.20555114746102,0.6688885836930147,0.0646,False
Outras classes,Centro de Solução de Conflitos e Cidadania,1933,245.72859191894523,253.20555114746102,0.9704707926242842,0.129,False
Outras classes,GABINETE 06,1814,253.20555114746102,253.20555114746102,1.0,0.1357,False
Outras classes,2ª Vara Federal Criminal do Rio de Janeiro,1738,83.11016082763673,253.20555114746102,0.3282319856377687,0.012,False
Outras classes,5ª Vara Federal Criminal do Rio de Janeiro,1728,253.20555114746102,253.20555114746102,1.0,0.1357,False
Outras classes,14ª Vara Federal do Rio de Janeiro,1714,421.1354064941406,253.20555114746102,1.6632155360957357,0.2839,False
Outras classes,GABINETE 04,1707,253.20555114746102,253.20555114746102,1.0,0.1357,False
Outras classes,Vara Federal de Resende,1657,219.37745666503903,253.20555114746102,0.8664006601390769,0.1059,False
Outras classes,5ª Vara Federal do Rio de Janeiro,1644,253.20555114746102,253.20555114746102,1.0,0.1357,False
Outras classes,"Seção de Distr., Atend. e Apoio Adm.",1642,45.69853973388671,253.20555114746102,0.18048000735684086,0.002,False
Outras classes,4ª Vara Federal de São João de Meriti,1586,167.27200317382812,253.20555114746102,0.6606174407148475,0.063,False
Outras classes,23ª Vara Federal do Rio de Janeiro,1529,388.91961669921875,253.20555114746102,1.53598376866833,0.2565,False
Outras classes,GABINETE 01,1483,253.20555114746102,253.20555114746102,1.0,0.1357,False
Outras classes,Vara Federal de São Mateus,1419,279.8297729492188,253.20555114746102,1.1051486497081278,0.1596,False
Outras classes,24ª Vara Federal do Rio de Janeiro,1374,374.1419982910158,253.20555114746102,1.4776216263644402,0.2438,False
Outras classes,Vara Federal de Macaé,1373,253.20555114746102,253.20555114746102,1.0,0.1357,False
Outras classes,GABINETE 05,1348,253.20555114746102,253.20555114746102,1.0,0.1357,False
Outras classes,20ª Vara Federal do Rio de Janeiro,1327,253.20555114746102,253.20555114746102,1.0,0.1357,False
Outras classes,Vara Federal de Linhares,1298,353.062255859375,253.20555114746102,1.3943701244281164,0.2253,False
Outras classes,GABINETE 02,1283,213.72320556640625,253.20555114746102,0.8440699842395589,0.101,False
Outras classes,29ª Vara Federal do Rio de Janeiro,1265,253.20555114746102,253.20555114746102,1.0,0.1357,False
Outras classes,22ª Vara Federal do Rio de Janeiro,1240,346.48690795898443,253.20555114746102,1.3684017052106354,0.2195,False
Outras classes,19ª Vara Federal do Rio de Janeiro,1225,347.4642333984374,253.20555114746102,1.372261515688818,0.2203,False
Outras classes,28ª Vara Federal do Rio de Janeiro,1216,342.81652832031244,253.20555114746102,1.3539060528758473,0.2162,False
Outras classes,30ª Vara Federal do Rio de Janeiro,1196,272.4966735839843,253.20555114746102,1.0761875967928072,0.153,False
Outras classes,2ª Vara Federal de Nova Iguaçu,1183,292.8045654296876,253.20555114746102,1.156390782519476,0.1713,False
Outras classes,2ª Vara Federal de São Gonçalo,1182,279.64398193359375,253.20555114746102,1.1044148940112912,0.1595,False
Outras classes,8ª Vara Federal do Rio de Janeiro,1180,537.8032226562502,253.20555114746102,2.123978799908088,0.3755,True
Outras classes,GABINETE PRESIDÊNCIA - TRU,1174,228.46926879882818,253.20555114746102,0.902307503778908,0.1138,False
Outras classes,Vara Federal de Itaperuna,1160,253.20555114746102,253.20555114746102,1.0,0.1357,False
Outras classes,Gabinete da Vice-Presidência,1158,768.3560791015627,253.20555114746102,3.0345151424191723,0.5212,True
Outras classes,1ª Vara Federal de Campos,1148,322.10021972656244,253.20555114746102,1.2720898821802638,0.1977,False
Outras classes,2ª Vara Federal do Rio de Janeiro,1115,253.20555114746102,253.20555114746102,1.0,0.1357,False
Outras classes,1ª Vara Federal de Petrópolis,1112,253.20555114746102,253.20555114746102,1.0,0.1357,False
Outras classes,5ª Vara Federal de Vitória,1109,248.55747985839855,253.20555114746102,0.981643090888021,0.1316,False
Outras classes,Vara Federal de Colatina,1103,326.95330810546864,253.20555114746102,1.2912564776870104,0.2021,False
Outras classes,17ª Vara Federal do Rio de Janeiro,1099,253.20555114746102,253.20555114746102,1.0,0.1357,False
Outras classes,16ª Vara Federal do Rio de Janeiro,1071,292.56896972656256,253.20555114746102,1.1554603301575217,0.1711,False
Outras classes,26ª Vara Federal do Rio de Janeiro,1071,253.20555114746102,253.20555114746102,1.0,0.1357,False
Outras classes,10ª Vara Federal do Rio de Janeiro,1070,361.38592529296875,253.20555114746102,1.4272432956357501,0.2326,False
Outras classes,Vara Federal de Angra dos Reis,1051,366.74102783203136,253.20555114746102,1.4483925260329302,0.2373,False
Outras classes,3ª Vara Federal do Rio de Janeiro,1023,253.20555114746102,253.20555114746102,1.0,0.1357,False
Outras classes,3ª Vara Federal de São Gonçalo,1000,253.20555114746102,253.20555114746102,1.0,0.1357,False
Outras classes,1ª Vara Federal de Duque de Caxias,988,310.24487304687506,253.20555114746102,1.2252688443872057,0.1871,False
Outras classes,6ª Vara Federal do Rio de Janeiro,981,253.20555114746102,253.20555114746102,1.0,0.1357,False
Outras classes,11ª Vara Federal do Rio de Janeiro,977,382.2272644042969,253.20555114746102,1.509553256917723,0.2508,False
Outras classes,21ª Vara Federal do Rio de Janeiro,954,288.9221496582032,253.20555114746102,1.1410577230589294,0.1678,False
Outras classes,32ª Vara Federal do Rio de Janeiro,909,341.6410827636718,253.20555114746102,1.3492637946342179,0.2152,False
Outras classes,2ª Vara Federal de Duque de Caxias,905,253.20555114746102,253.20555114746102,1.0,0.1357,False
Outras classes,6ª Vara Federal de São João de Meriti,896,334.55932617187506,253.20555114746102,1.3212953849382056,0.2089,False
Outras classes,4ª Vara Federal do Rio de Janeiro,852,253.20555114746102,253.20555114746102,1.0,0.1357,False
Outras classes,27ª Vara Federal do Rio de Janeiro,835,253.20555114746102,253.20555114746102,1.0,0.1357,False
Outras classes,Vara Federal de Magé,827,322.90310668945324,253.20555114746102,1.2752607722308662,0.1984,False
Outras classes,5ª Vara Federal de São João de Meriti,811,269.25189208984375,253.20555114746102,1.0633727849554044,0.1501,False
Outras classes,4º Juizado Especial de Vitória,758,253.20555114746102,253.20555114746102,1.0,0.1357,False
Outras classes,34ª Vara Federal do Rio de Janeiro,756,191.38447570800784,253.20555114746102,0.7558462871003565,0.0822,False
Outras classes,GABINETE 26,729,274.3414916992188,253.20555114746102,1.083473448571626,0.1547,False
Outras classes,7ª Turma Recursal - Juiz Relator 2 - RJ,721,97.63102722167972,253.20555114746102,0.3855801216807513,0.0183,False
Outras classes,7ª Turma Recursal - Juiz Relator 3 - RJ,721,253.20555114746102,253.20555114746102,1.0,0.1357,False
Outras classes,18ª Vara Federal do Rio de Janeiro,712,253.20555114746102,253.20555114746102,1.0,0.1357,False
Outras classes,Vara Federal de Nova Friburgo,712,253.20555114746102,253.20555114746102,1.0,0.1357,False
Outras classes,1ª Vara Federal de Niterói,705,497.2285156250001,253.20555114746102,1.9637346549935069,0.345,False
Outras classes,6ª Turma Recursal - Juiz Relator 1 - RJ,704,149.16207885742182,253.20555114746102,0.5890948211105896,0.0495,False
Outras classes,8ª Turma Recursal - Juiz Relator 3 - RJ,696,113.20354461669926,253.20555114746102,0.4470816066381268,0.0264,False
Outras classes,Vara Federal de Barra do Piraí,693,279.217987060547,253.20555114746102,1.1027324866899815,0.1591,False
Outras classes,GABINETE 25,684,256.6521911621093,253.20555114746102,1.0136120239032242,0.1388,False
Outras classes,3ª Vara Federal de Niterói,671,282.5663146972657,253.20555114746102,1.115956239571958,0.1621,False
Outras classes,6ª Turma Recursal - Juiz Relator 3 - RJ,671,179.05075073242193,253.20555114746102,0.7071359609653539,0.0722,False
Outras classes,8ª Turma Recursal - Juiz Relator 1 - RJ,669,115.25742340087888,253.20555114746102,0.4551931143632615,0.0276,False
Outras classes,1ª Vara Federal de Itaboraí,644,219.22593688964844,253.20555114746102,0.8658022539244266,0.1057,False
Outras classes,CESOL - Baixada Fluminense,636,253.20555114746102,253.20555114746102,1.0,0.1357,False
Outras classes,7ª Vara Federal do Rio de Janeiro,635,253.20555114746102,253.20555114746102,1.0,0.1357,False
Outras classes,4ª Vara Federal de Niterói,631,320.2453308105468,253.20555114746102,1.2647642571787197,0.196,False
Outras classes,GABINETE 24,618,253.20555114746102,253.20555114746102,1.0,0.1357,False
Outras classes,8ª Turma Recursal - Juiz Relator 2 - RJ,618,148.74827575683594,253.20555114746102,0.5874605634937616,0.0492,False
Outras classes,6ª Turma Recursal - Juiz Relator 2 - RJ,615,200.50016784667963,253.20555114746102,0.7918474414880146,0.0898,False
Outras classes,1ª Vara Federal do Rio de Janeiro,613,206.7695617675781,253.20555114746102,0.8166075381465879,0.0951,False
Outras classes,GABINETE 23,613,253.20555114746102,253.20555114746102,1.0,0.1357,False
Outras classes,Vara Federal de Três Rios,612,253.20555114746102,253.20555114746102,1.0,0.1357,False
Outras classes,GABINETE 20,611,249.06680297851565,253.20555114746102,0.9836545914961593,0.132,False
Outras classes,3ª Vara Federal de Volta Redonda,610,381.691436767578,253.20555114746102,1.5074370804188642,0.2503,False
Outras classes,15ª Vara Federal do Rio de Janeiro,599,253.20555114746102,253.20555114746102,1.0,0.1357,False
Outras classes,GABINETE 21,588,175.83349609374997,253.20555114746102,0.6944298626034018,0.0696,False
Outras classes,GABINETE 17,586,120.91592407226562,253.20555114746102,0.4775405733575209,0.0309,False
Outras classes,6ª Vara Federal de Niterói,574,304.0823364257813,253.20555114746102,1.200930765726739,0.1815,False
Outras classes,Vara Federal de Teresópolis,571,253.20555114746102,253.20555114746102,1.0,0.1357,False
Outras classes,Diretoria de São João de Meriti,570,58.78803634643555,253.20555114746102,0.23217514813566928,0.0044,False
Outras classes,GABINETE 19,563,253.20555114746102,253.20555114746102,1.0,0.1357,False
Outras classes,GABINETE 13,554,253.20555114746102,253.20555114746102,1.0,0.1357,False
Outras classes,GABINETE 15,551,196.68872070312503,253.20555114746102,0.7767946627227699,0.0866,False
Outras classes,GABINETE 18,549,144.86059570312494,253.20555114746102,0.5721067134849721,0.0465,False
Outras classes,GABINETE 22,543,221.86637878417963,253.20555114746102,0.8762303108235168,0.108,False
Outras classes,GABINETE 16,534,153.83682250976562,253.20555114746102,0.6075570690003342,0.0529,False
Outras classes,1ª Turma Recursal - Juiz Relator 1 - RJ,521,103.03830718994142,253.20555114746102,0.40693541955537266,0.021,False
Outras classes,GABINETE 14,519,160.24479675292963,253.20555114746102,0.6328644693086005,0.0576,False
Outras classes,3ª Vara de Execução Fiscal de Vitória,514,253.20555114746102,253.20555114746102,1.0,0.1357,False
Outras classes,1ª Vara Federal de Volta Redonda,514,378.68045043945307,253.20555114746102,1.4955456099732916,0.2477,False
Outras classes,1ª Vara Federal de Serra,513,259.5736694335937,253.20555114746102,1.0251499947662048,0.1414,False
Outras classes,12ª Vara Federal do Rio de Janeiro,486,291.95077514648426,253.20555114746102,1.1530188569067308,0.1706,False
Outras classes,2ª Vara Federal de Itaboraí,474,261.8410339355468,253.20555114746102,1.0341046345506726,0.1434,False
Outras classes,1ª Vara Federal de Nova Iguaçu,467,296.848388671875,253.20555114746102,1.172361298267894,0.175,False
Outras classes,Setor de Distribuição Criminal de Niterói,453,43.03865051269531,253.20555114746102,0.1699751459541683,0.0016,False
Outras classes,2ª Vara de Execução Fiscal de Vitória,435,253.20555114746102,253.20555114746102,1.0,0.1357,False
Outras classes,7ª Vara Federal de Niterói,429,300.6295471191407,253.20555114746102,1.1872944560526677,0.1784,False
Outras classes,CORREGEDORIA,425,253.20555114746102,253.20555114746102,1.0,0.1357,False
Outras classes,Setor de Distribuição Criminal de Campos,407,93.39542388916016,253.20555114746102,0.3688521972204663,0.0164,False
Outras classes,31ª Vara Federal,388,265.96392822265625,253.20555114746102,1.0503874303599492,0.1471,False
Outras classes,GABINETE 10,373,253.20555114746102,253.20555114746102,1.0,0.1357,False
Outras classes,Diretoria de Volta Redonda,363,12.738092422485352,253.20555114746102,0.050307318953947355,0.0,False
Outras classes,"Seção Contadoria, Distr. Cert de CI",354,97.77988433837889,253.20555114746102,0.38616801209636265,0.0184,False
Outras classes,4ª Vara de Execução Fiscal de Vitória,350,253.20555114746102,253.20555114746102,1.0,0.1357,False
Outras classes,25ª Vara Federal,339,253.20555114746102,253.20555114746102,1.0,0.1357,False
Outras classes,GABINETE 29,337,253.20555114746102,253.20555114746102,1.0,0.1357,False
Outras classes,35ª Vara Federal do Rio de Janeiro,335,237.90725708007807,253.20555114746102,0.9395815218187157,0.1221,False
Outras classes,6ª Vara Federal de Vitória,329,313.39404296874994,253.20555114746102,1.2377060516585459,0.1899,False
Outras classes,GABINETE 32,328,259.0027160644531,253.20555114746102,1.022895094087475,0.1409,False
Outras classes,3ª Vara de Execução Fiscal do Rio de Janeiro,326,253.20555114746102,253.20555114746102,1.0,0.1357,False
Outras classes,2ª Vara Federal de Vitória,325,295.12048339843744,253.20555114746102,1.1655371774474492,0.1734,False
Outras classes,Diretoria de São Pedro da Aldeia,322,107.34657287597658,253.20555114746102,0.42395031384387155,0.0232,False
Outras classes,1ª Turma Recursal - Juiz Relator 3 - ES,321,234.48278808593759,253.20555114746102,0.9260570592679473,0.1191,False
Outras classes,15º Juizado Especial Federal do Rio de Janeiro,318,297.3158874511719,253.20555114746102,1.174207619476802,0.1754,False
Outras classes,1ª Turma Recursal - Juiz Relator 2 - ES,318,230.28863525390634,253.20555114746102,0.9094928377766552,0.1154,False
Outras classes,2º Juizado Especial Federal de São Gonçalo,309,271.26364135742193,253.20555114746102,1.071317908032136,0.1519,False
Outras classes,13ª Vara Federal,307,264.868408203125,253.20555114746102,1.0460608268768634,0.1462,False
Outras classes,2ª Turma Recursal - Juiz Relator 1 - ES,307,129.7942657470703,253.20555114746102,0.5126043452004777,0.0364,False
Outras classes,4ª Vara Federal de São Gonçalo,296,253.20555114746102,253.20555114746102,1.0,0.1357,False
Outras classes,1ª Turma Recursal - Juiz Relator 1 - ES,284,253.20555114746102,253.20555114746102,1.0,0.1357,False
Outras classes,2ª Turma Recursal - Juiz Relator 2 - ES,284,210.74580383300787,253.20555114746102,0.8323111514655317,0.0984,False
Outras classes,GABINETE 30,278,173.18911743164065,253.20555114746102,0.6839862579899733,0.0675,False
Outras classes,1ª Vara de Execução Fiscal de São João de Meriti,272,277.72640991210926,253.20555114746102,1.0968417108295065,0.1577,False
Outras classes,2ª Turma Recursal - Juiz Relator 3 - ES,268,253.20555114746102,253.20555114746102,1.0,0.1357,False
Outras classes,2ª Vara Federal de Cachoeiro do Itapemirim,266,253.20555114746102,253.20555114746102,1.0,0.1357,False
Outras classes,33ª Vara Federal do Rio de Janeiro,259,253.20555114746102,253.20555114746102,1.0,0.1357,False
Outras classes,11ª Vara de Execução Fiscal do Rio de Janeiro,256,253.20555114746102,253.20555114746102,1.0,0.1357,False
Outras classes,GABINETE 31,255,253.20555114746102,253.20555114746102,1.0,0.1357,False
Outras classes,7ª Vara de Execução Fiscal do Rio de Janeiro,243,253.20555114746102,253.20555114746102,1.0,0.1357,False
Outras classes,Gabinete da Presidência,242,216.63395690917963,253.20555114746102,0.8555655905940903,0.1035,False
Outras classes,Gabinete do Juízo Gestor das Turmas Recursais,238,340.6320800781249,253.20555114746102,1.3452788792918235,0.2143,False
Outras classes,2ª Vara de Execução Fiscal de São João de Meriti,235,253.20555114746102,253.20555114746102,1.0,0.1357,False
Outras classes,Diretoria de Macaé,225,71.11687469482423,253.20555114746102,0.2808661752182811,0.0078,False
Outras classes,GABINETE 11,223,253.20555114746102,253.20555114746102,1.0,0.1357,False
Outras classes,CENORTE - Centro de Solução de Conflitos da Região Norte Fluminense,223,253.20555114746102,253.20555114746102,1.0,0.1357,False
Outras classes,2ª Vara Federal de São Pedro da Aldeia,221,253.20555114746102,253.20555114746102,1.0,0.1357,False
Outras classes,Diretoria de Nova Friburgo,219,42.55426406860352,253.20555114746102,0.1680621292691206,0.0016,False
Outras classes,7ª Turma Recursal - Juiz Relator 1 - RJ,219,253.20555114746102,253.20555114746102,1.0,0.1357,False
Outras classes,1ª Vara Federal de Vitória,211,264.88748168945324,253.20555114746102,1.0461361549502086,0.1462,False
Outras classes,9ª Vara de Execução Fiscal do Rio de janeiro,210,253.20555114746102,253.20555114746102,1.0,0.1357,False
Outras classes,Setor de Distribuição do Rio de Janeiro (Rio Branco),210,37.21718978881837,253.20555114746102,0.1469840989668664,0.001,False
Outras classes,"Seção Contadoria, Distr. Cert. S. Mateus",199,23.991722106933594,253.20555114746102,0.09475195941877819,0.0002,False
Outras classes,9ª Vara Federal,198,360.29919433593767,253.20555114746102,1.4229514033288622,0.2317,False
Outras classes,Centro Judiciário Regional de Solução Consensual de Conflitos e Cidadania - CESNITA,196,253.20555114746102,253.20555114746102,1.0,0.1357,False
Outras classes,Diretoria de Petrópolis,193,30.026290893554688,253.20555114746102,0.11858464696956061,0.0005,False
Outras classes,6ª Vara de Execução Fiscal do Rio de Janeiro,190,253.20555114746102,253.20555114746102,1.0,0.1357,False
Outras classes,Centro de Solução de Conflitos da CESUL - Sul Fluminense,189,253.20555114746102,253.20555114746102,1.0,0.1357,False
Outras classes,45ª Vara Federal do Rio de Janeiro,184,271.20648193359375,253.20555114746102,1.0710921648619363,0.1519,False
Outras classes,8ª Vara de Execução Fiscal do Rio de Janeiro,181,253.20555114746102,253.20555114746102,1.0,0.1357,False
Outras classes,5ª Vara de Execução Fiscal do Rio de Janeiro,179,253.20555114746102,253.20555114746102,1.0,0.1357,False
Outras classes,CENTRO SOLUÇÃO CONFLITOS E CIDADANIA - SÃO GONÇALO,177,253.20555114746102,253.20555114746102,1.0,0.1357,False
Outras classes,2ª Turma Recursal - Juiz Relator 2 - RJ,177,90.9995651245117,253.20555114746102,0.35939008727148986,0.0153,False
Outras classes,GABINETE 08,175,196.31289672851562,253.20555114746102,0.7753103983655855,0.0863,False
Outras classes,1ª Turma Recursal - Juiz Relator 3 - RJ,172,74.19001770019528,253.20555114746102,0.2930031247892695,0.0088,False
Outras classes,GABINETE 07,171,236.84304809570312,253.20555114746102,0.9353785769008328,0.1212,False
Outras classes,4ª Turma Recursal - Juiz Relator 1 - RJ,170,136.04876708984378,253.20555114746102,0.5373056256993834,0.0405,False
Outras classes,3ª Turma Recursal - Juiz Relator 3 - RJ,167,99.63161468505862,253.20555114746102,0.3934811627689611,0.0193,False
Outras classes,2ª Turma Recursal - Juiz Relator 1 - RJ,166,99.63133239746094,253.20555114746102,0.3934800479134755,0.0193,False
Outras classes,Centro Solução Conflitos e Cidadania,163,253.20555114746102,253.20555114746102,1.0,0.1357,False
Outras classes,GABINETE 12,162,301.1250915527343,253.20555114746102,1.1892515396606218,0.1788,False
Outras classes,12ª Vara de Execução Fiscal do Rio de Janeiro,161,253.20555114746102,253.20555114746102,1.0,0.1357,False
Outras classes,4ª Vara Federal de Campos,161,518.344909667969,253.20555114746102,2.0471309073555695,0.3611,True
Outras classes,4ª Turma Recursal - Juiz Relator 2 - RJ,160,245.0016784667969,253.20555114746102,0.9675999493554295,0.1284,False
Outras classes,"Seção Contadoria, Distr. Cert. Serra",158,253.20555114746102,253.20555114746102,1.0,0.1357,False
Outras classes,4ª Vara de Execução Fiscal do Rio de Janeiro,157,253.20555114746102,253.20555114746102,1.0,0.1357,False
Outras classes,"Seção Contadoria, Distr. Cert. Colatina",154,53.16772842407227,253.20555114746102,0.20997852607547543,0.0033,False
Outras classes,3ª Turma Recursal - Juiz Relator 2 - RJ,154,52.886066436767585,253.20555114746102,0.20886614135077936,0.0032,False
Outras classes,2ª Vara de Execução Fiscal do Rio de Janeiro,152,270.12673950195324,253.20555114746102,1.0668278727611218,0.1509,False
Outras classes,10ª Vara de Execução Fiscal do Rio de Janeiro,151,253.20555114746102,253.20555114746102,1.0,0.1357,False
Outras classes,1ª Turma Recursal - Juiz Relator 2 - RJ,146,79.39170837402341,253.20555114746102,0.3135464764269229,0.0106,False
Outras classes,Diretoria de Itaperuna,143,6.848729133605957,253.20555114746102,0.02704810025913459,0.0,False
Outras classes,GABINETE 09,143,254.73287963867196,253.20555114746102,1.0060319708011514,0.1371,False
Outras classes,1ª Vara de Execução Fiscal de São Gonçalo,141,253.20555114746102,253.20555114746102,1.0,0.1357,False
Outras classes,2ª Turma Recursal - Juiz Relator 3 - RJ,140,253.20555114746102,253.20555114746102,1.0,0.1357,False
Outras classes,5ª Turma Recursal - Juiz Relator 2 - RJ,139,216.43902587890628,253.20555114746102,0.8547957376845077,0.1033,False
Outras classes,3ª Turma Recursal - Juiz Relator 1 - RJ,139,91.07418823242189,253.20555114746102,0.3596848008256438,0.0153,False
Outras classes,"Seção Contadoria, Distr. Cert. Linhares",125,138.08729553222653,253.20555114746102,0.5453565093910904,0.0419,False
Outras classes,4ª Turma Recursal - Juiz Relator 3 - RJ,123,176.02728271484372,253.20555114746102,0.695195195828584,0.0698,False
Outras classes,5ª Turma Recursal - Juiz Relator 3 - RJ,121,102.83088684082031,253.20555114746102,0.4061162418233635,0.0209,False
Outras classes,Diretoria de Barra do Piraí,120,83.81182098388673,253.20555114746102,0.3310030945375154,0.0123,False
Outras classes,Diretoria de Itaboraí,113,253.20555114746102,253.20555114746102,1.0,0.1357,False
Outras classes,Diretoria de Angra dos Reis,112,226.51150512695312,253.20555114746102,0.8945755892809716,0.1121,False
Outras classes,Coordenadoria das Turmas Recursais,112,319.2171325683595,253.20555114746102,1.260703531663312,0.1951,False
Outras classes,Diretoria de Três Rios,106,55.2488479614258,253.20555114746102,0.21819761735496138,0.0037,False
Outras classes,1ª Vara de Execução Fiscal do Rio de Janeiro,103,253.20555114746102,253.20555114746102,1.0,0.1357,False
Outras classes,COORDENADORIA DOS JUIZADOS ESPECIAIS FEDERAIS,103,253.20555114746102,253.20555114746102,1.0,0.1357,False
Outras classes,Diretoria de Resende,100,60.46118927001953,253.20555114746102,0.2387830321887704,0.0048,False
Outras classes,2ª Vara Federal de Petrópolis,96,274.77810668945307,253.20555114746102,1.085197798564174,0.1551,False
Outras classes,6º Juizado Especial Federal do Rio de Janeiro,91,230.0413665771485,253.20555114746102,0.9085162846338142,0.1152,False
Outras classes,Centro de Solução de Conflitos de São Pedro da Aldeia - CESOL - SPA,91,253.20555114746102,253.20555114746102,1.0,0.1357,False
Procedimento Comum Cível,1ª Vara Federal de Serra,5269,744.1053466796872,713.0084838867189,1.0436135943620959,0.5079,False
Procedimento Comum Cível,13ª Vara Federal,4150,756.8226318359378,713.0084838867189,1.0614496866999132,0.5149,False
Procedimento Comum Cível,25ª Vara Federal,4141,713.0084838867189,713.0084838867189,1.0,0.4902,False
Procedimento Comum Cível,4ª Vara Federal de Vitória,3987,936.1434936523438,713.0084838867189,1.312948604130601,0.6019,False
Procedimento Comum Cível,31ª Vara Federal,3943,748.9351196289065,713.0084838867189,1.0503873888657622,0.5106,False
Procedimento Comum Cível,9ª Vara Federal,3721,1152.6247558593752,713.0084838867189,1.6165652750388613,0.6824,False
Procedimento Comum Cível,2ª Vara Federal de Vitória,3403,917.5488281249995,713.0084838867189,1.2868694396500022,0.5939,False
Procedimento Comum Cível,6ª Vara Federal de Vitória,3126,946.2250366210939,713.0084838867189,1.3270880473442275,0.6062,False
Procedimento Comum Cível,5ª Vara Federal de Vitória,3017,699.9197998046877,713.0084838867189,0.9816430177510894,0.4826,False
Procedimento Comum Cível,12ª Vara Federal do Rio de Janeiro,2938,822.1121826171876,713.0084838867189,1.1530187945811357,0.5491,False
Procedimento Comum Cível,1ª Vara Federal de Vitória,2916,745.9039306640625,713.0084838867189,1.0461361225297425,0.5089,False
Procedimento Comum Cível,3ª Vara Federal de São Gonçalo,2574,713.0084838867189,713.0084838867189,1.0,0.4902,False
Procedimento Comum Cível,18ª Vara Federal do Rio de Janeiro,2498,713.0084838867189,713.0084838867189,1.0,0.4902,False
Procedimento Comum Cível,Vara Federal de Macaé,2473,713.0084838867189,713.0084838867189,1.0,0.4902,False
Procedimento Comum Cível,Vara Federal de Linhares,2390,904.6715087890626,713.0084838867189,1.2688088981179566,0.5882,False
Procedimento Comum Cível,23ª Vara Federal do Rio de Janeiro,2357,699.736267089844,713.0084838867189,0.9813856116766998,0.4825,False
Procedimento Comum Cível,3ª Vara Federal de Niterói,2282,740.0086059570311,713.0084838867189,1.0378678833148387,0.5056,False
Procedimento Comum Cível,26ª Vara Federal do Rio de Janeiro,2224,713.0084838867189,713.0084838867189,1.0,0.4902,False
Procedimento Comum Cível,2ª Vara Federal de São Gonçalo,2164,704.2599487304688,713.0084838867189,0.9877301107154286,0.4851,False
Procedimento Comum Cível,24ª Vara Federal do Rio de Janeiro,2142,714.162292480469,713.0084838867189,1.0016182256169808,0.4909,False
Procedimento Comum Cível,1ª Vara Federal de São Pedro da Aldeia,2130,713.0084838867189,713.0084838867189,1.0,0.4902,False
Procedimento Comum Cível,4ª Vara Federal de Niterói,2126,873.9441528320311,713.0084838867189,1.2257135399960841,0.5741,False
Procedimento Comum Cível,19ª Vara Federal do Rio de Janeiro,2111,725.0179443359374,713.0084838867189,1.0168433626255793,0.4972,False
Procedimento Comum Cível,14ª Vara Federal do Rio de Janeiro,2037,855.1394653320314,713.0084838867189,1.1993398180489168,0.5653,False
Procedimento Comum Cível,1ª Vara Federal de Duque de Caxias,2032,873.6270751953127,713.0084838867189,1.225268836119645,0.574,False
Procedimento Comum Cível,28ª Vara Federal do Rio de Janeiro,2023,721.3347778320312,713.0084838867189,1.0116776926691313,0.4951,False
Procedimento Comum Cível,6ª Vara Federal do Rio de Janeiro,2003,807.469177246094,713.0084838867189,1.1324818645136665,0.5417,False
Procedimento Comum Cível,10ª Vara Federal do Rio de Janeiro,1983,813.3778076171873,713.0084838867189,1.1407687650269458,0.5447,False
Procedimento Comum Cível,32ª Vara Federal do Rio de Janeiro,1951,767.3992919921877,713.0084838867189,1.076283535658617,0.5207,False
Procedimento Comum Cível,30ª Vara Federal do Rio de Janeiro,1945,722.2854003906253,713.0084838867189,1.0130109482755894,0.4956,False
Procedimento Comum Cível,2ª Vara Federal do Rio de Janeiro,1917,713.0084838867189,713.0084838867189,1.0,0.4902,False
Procedimento Comum Cível,16ª Vara Federal do Rio de Janeiro,1913,747.9494018554689,713.0084838867189,1.0490049119447804,0.5101,False
Procedimento Comum Cível,22ª Vara Federal do Rio de Janeiro,1874,780.2278442382812,713.0084838867189,1.094275680964046,0.5276,False
Procedimento Comum Cível,3ª Vara Federal do Rio de Janeiro,1870,713.0084838867189,713.0084838867189,1.0,0.4902,False
Procedimento Comum Cível,4ª Vara Federal do Rio de Janeiro,1861,638.3931884765626,713.0084838867189,0.8953514620142852,0.4446,False
Procedimento Comum Cível,29ª Vara Federal do Rio de Janeiro,1853,713.0084838867189,713.0084838867189,1.0,0.4902,False
Procedimento Comum Cível,20ª Vara Federal do Rio de Janeiro,1850,713.0084838867189,713.0084838867189,1.0,0.4902,False
Procedimento Comum Cível,3ª Vara Federal de Volta Redonda,1833,726.828308105469,713.0084838867189,1.019382412034449,0.4982,False
Procedimento Comum Cível,21ª Vara Federal do Rio de Janeiro,1833,699.2943115234377,713.0084838867189,0.9807657655228406,0.4822,False
Procedimento Comum Cível,2ª Vara Federal de Nova Iguaçu,1831,824.516418457031,713.0084838867189,1.1563907542340384,0.5503,False
Procedimento Comum Cível,1ª Vara Federal de Niterói,1779,865.5715942382809,713.0084838867189,1.2139709607940667,0.5702,False
Procedimento Comum Cível,1ª Vara federal de cachoeiro de itapemirim,1750,1741.0032958984373,713.0084838867189,2.4417707997076845,0.8167,True
Procedimento Comum Cível,1ª Vara Federal de Volta Redonda,1732,738.8757324218751,713.0084838867189,1.0362790192820006,0.505,False
Procedimento Comum Cível,27ª Vara Federal do Rio de Janeiro,1731,713.0084838867189,713.0084838867189,1.0,0.4902,False
Procedimento Comum Cível,17ª Vara Federal do Rio de Janeiro,1727,713.0084838867189,713.0084838867189,1.0,0.4902,False
Procedimento Comum Cível,2ª Vara Federal de Duque de Caxias,1708,713.0084838867189,713.0084838867189,1.0,0.4902,False
Procedimento Comum Cível,8ª Vara Federal do Rio de Janeiro,1679,961.3546142578123,713.0084838867189,1.3483073988367158,0.6125,False
Procedimento Comum Cível,1ª Vara Federal de Campos,1631,848.2246093749998,713.0084838867189,1.1896416782465153,0.5619,False
Procedimento Comum Cível,11ª Vara Federal do Rio de Janeiro,1538,777.2694091796877,713.0084838867189,1.0901264525530927,0.526,False
Procedimento Comum Cível,6ª Vara Federal de São João de Meriti,1529,637.2811889648439,713.0084838867189,0.8937918739633028,0.4439,False
Procedimento Comum Cível,5ª Vara Federal de São João de Meriti,1463,671.428466796875,713.0084838867189,0.941683699381549,0.4654,False
Procedimento Comum Cível,Vara Federal de Teresópolis,1384,713.0084838867189,713.0084838867189,1.0,0.4902,False
Procedimento Comum Cível,1ª Vara Federal de Nova Iguaçu,1366,835.9035644531253,713.0084838867189,1.1723613159502486,0.5559,False
Procedimento Comum Cível,Vara Federal de Colatina,1337,777.3946533203122,713.0084838867189,1.0903021084442284,0.526,False
Procedimento Comum Cível,Vara Federal de Itaperuna,1326,713.0084838867189,713.0084838867189,1.0,0.4902,False
Procedimento Comum Cível,7ª Vara Federal do Rio de Janeiro,1309,713.0084838867189,713.0084838867189,1.0,0.4902,False
Procedimento Comum Cível,Vara Federal de Resende,1265,713.0084838867189,713.0084838867189,1.0,0.4902,False
Procedimento Comum Cível,Vara Federal de São Mateus,1263,750.1961059570315,713.0084838867189,1.0521559320971852,0.5113,False
Procedimento Comum Cível,Vara Federal de Angra dos Reis,1189,1031.2767333984375,713.0084838867189,1.446373720235122,0.6402,False
Procedimento Comum Cível,Vara Federal de Nova Friburgo,1167,713.0084838867189,713.0084838867189,1.0,0.4902,False
Procedimento Comum Cível,1ª Vara Federal de Petrópolis,1157,713.0084838867189,713.0084838867189,1.0,0.4902,False
Procedimento Comum Cível,2ª Vara Federal de Itaboraí,1148,606.6177978515623,713.0084838867189,0.8507862270372933,0.4238,False
Procedimento Comum Cível,2ª Vara Federal de São Pedro da Aldeia,1144,713.0084838867189,713.0084838867189,1.0,0.4902,False
Procedimento Comum Cível,Vara Federal de Barra do Piraí,1136,725.548828125,713.0084838867189,1.0175879313103287,0.4975,False
Procedimento Comum Cível,Vara Federal de Magé,1080,909.2717285156252,713.0084838867189,1.2752607424234916,0.5902,False
Procedimento Comum Cível,4º Juizado Especial de Vitória,1023,603.9935302734376,713.0084838867189,0.8471056711428958,0.422,False
Procedimento Comum Cível,8ª Vara Federal de São João de Meriti,962,343.5906066894532,713.0084838867189,0.48188852510770697,0.2169,False
Procedimento Comum Cível,5ª Vara Federal do Rio de Janeiro,947,713.0084838867189,713.0084838867189,1.0,0.4902,False
Procedimento Comum Cível,2ª Vara Federal de Cachoeiro do Itapemirim,930,713.0084838867189,713.0084838867189,1.0,0.4902,False
Procedimento Comum Cível,1ª Vara Federal do Rio de Janeiro,923,582.248107910156,713.0084838867189,0.8166075454477513,0.4071,False
Procedimento Comum Cível,1ª Vara Federal de Itaboraí,868,574.4141235351564,713.0084838867189,0.805620320818536,0.4017,False
Procedimento Comum Cível,4ª Vara Federal de Volta Redonda,855,739.4205932617189,713.0084838867189,1.037043190890273,0.5053,False
Procedimento Comum Cível,7ª Vara Federal de São João de Meriti,851,702.7145385742188,713.0084838867189,0.985562660830645,0.4842,False
Procedimento Comum Cível,Vara Federal de Três Rios,847,713.0084838867189,713.0084838867189,1.0,0.4902,False
Procedimento Comum Cível,3ª Vara Federal de Duque de Caxias,807,625.7631835937501,713.0084838867189,0.877637780945633,0.4364,False
Procedimento Comum Cível,15ª Vara Federal do Rio de Janeiro,803,713.0084838867189,713.0084838867189,1.0,0.4902,False
Procedimento Comum Cível,5ª Vara Federal de Volta Redonda,803,755.4039306640625,713.0084838867189,1.0594599471611328,0.5142,False
Procedimento Comum Cível,4ª Vara Federal de São Gonçalo,797,638.752136230469,713.0084838867189,0.8958548890590093,0.4448,False
Procedimento Comum Cível,5ª Vara Federal de Duque de Caxias,774,574.8248901367188,713.0084838867189,0.8061964242041832,0.402,False
Procedimento Comum Cível,3ª Vara federal de cachoeiro de itapemirim,719,713.0084838867189,713.0084838867189,1.0,0.4902,False
Procedimento Comum Cível,4ª Vara Federal de Duque de Caxias,715,681.7668457031248,713.0084838867189,0.9561833570152053,0.4717,False
Procedimento Comum Cível,2º Juizado Especial Federal de São Gonçalo,684,717.6172485351564,713.0084838867189,1.006463828625593,0.4929,False
Procedimento Comum Cível,2ª Vara Federal de Petrópolis,664,738.172119140625,713.0084838867189,1.0352921961275066,0.5046,False
Procedimento Comum Cível,4ª Vara Federal de Nova Iguaçu,661,695.6320190429688,713.0084838867189,0.9756293715482481,0.48,False
Procedimento Comum Cível,5ª Vara Federal de Nova Iguaçu,646,602.8302612304688,713.0084838867189,0.845474177171565,0.4212,False
Procedimento Comum Cível,6ª Vara Federal de Niterói,505,796.546813964844,713.0084838867189,1.1171631642063287,0.5361,False
Procedimento Comum Cível,7ª Vara Federal de Niterói,503,846.5509643554686,713.0084838867189,1.1872943779585752,0.5611,False
Procedimento Comum Cível,3ª Vara Federal de Campos,471,598.2613525390624,713.0084838867189,0.8390662468388143,0.4181,False
Procedimento Comum Cível,34ª Vara Federal do Rio de Janeiro,467,575.8484497070311,713.0084838867189,0.8076319745425646,0.4027,False
Procedimento Comum Cível,4ª Vara Federal de Campos,457,568.3366088867188,713.0084838867189,0.7970965587795372,0.3974,False
Procedimento Comum Cível,33ª Vara Federal do Rio de Janeiro,427,713.0084838867189,713.0084838867189,1.0,0.4902,False
Procedimento Comum Cível,35ª Vara Federal do Rio de Janeiro,388,669.9295654296877,713.0084838867189,0.9395814784387959,0.4645,False
Procedimento Comum Cível,1ª Vara de Execução Fiscal de São Gonçalo,329,713.0084838867189,713.0084838867189,1.0,0.4902,False
Procedimento Comum Cível,3ª Vara Federal de Nova Iguaçu,282,652.6910400390627,713.0084838867189,0.9154043111536956,0.4537,False
Procedimento Comum Cível,45ª Vara Federal do Rio de Janeiro,281,738.6397094726565,713.0084838867189,1.0359479952415402,0.5049,False
Procedimento Comum Cível,12º Juizado Especial Federal do Rio de Janeiro,281,713.0084838867189,713.0084838867189,1.0,0.4902,False
Procedimento Comum Cível,15º Juizado Especial Federal do Rio de Janeiro,280,830.3133544921875,713.0084838867189,1.1645210025637027,0.5532,False
Procedimento Comum Cível,8º Juizado Especial Federal do Rio de Janeiro,249,543.3272705078123,713.0084838867189,0.7620207652313641,0.3795,False
Procedimento Comum Cível,14º Juizado Especial Federal do Rio de Janeiro,243,713.0084838867189,713.0084838867189,1.0,0.4902,False
Procedimento Comum Cível,9º Juizado Especial Federal do Rio de Janeiro,240,487.4129638671876,713.0084838867189,0.6836005109086846,0.3374,False
Procedimento Comum Cível,3 º Núcleo de Justiça 4.0 - SJRJ - Previdenciário,220,640.6854858398435,713.0084838867189,0.8985664270744276,0.4461,False
Procedimento Comum Cível,11º Juizado Especial Federal,218,705.1147460937498,713.0084838867189,0.9889289707326635,0.4856,False
Procedimento Comum Cível,4 º Núcleo de Justiça 4.0 - SJRJ - Previdenciário,216,617.2660522460935,713.0084838867189,0.8657204874776263,0.4308,False
Procedimento Comum Cível,1 º Núcleo de Justiça 4.0 - SJRJ - Previdenciário,213,713.0084838867189,713.0084838867189,1.0,0.4902,False
Procedimento Comum Cível,2 º Núcleo de Justiça 4.0 - SJRJ - Previdenciário,212,713.0084838867189,713.0084838867189,1.0,0.4902,False
Procedimento Comum Cível,13º Juizado Especial Federal do Rio de Janeiro,207,713.0084838867189,713.0084838867189,1.0,0.4902,False
Procedimento Comum Cível,6º Juizado Especial Federal do Rio de Janeiro,203,647.7797851562499,713.0084838867189,0.9085162375980474,0.4506,False
Procedimento Comum Cível,2ª Vara Federal de Nova Friburgo,201,636.7505493164062,713.0084838867189,0.8930476476876981,0.4436,False
Procedimento Comum Cível,7º Juizado Especial Federal do Rio de Janeiro,199,592.153076171875,713.0084838867189,0.8304993412476069,0.414,False
Procedimento Comum Cível,2ª Vara de Execução Fiscal de Vitória,183,713.0084838867189,713.0084838867189,1.0,0.4902,False
Procedimento Comum Cível,6 º Núcleo de Justiça 4.0 - SJRJ - Previdenciário,178,614.3865356445315,713.0084838867189,0.861681942822638,0.4289,False
Procedimento Comum Cível,5 º Núcleo de Justiça 4.0 - SJRJ - Previdenciário,168,713.0084838867189,713.0084838867189,1.0,0.4902,False
Procedimento Comum Cível,3ª Vara de Execução Fiscal de Vitória,155,713.0084838867189,713.0084838867189,1.0,0.4902,False
Procedimento Comum Cível,4ª Vara de Execução Fiscal de Vitória,144,713.0084838867189,713.0084838867189,1.0,0.4902,False
Procedimento Comum Cível,1º Núcleo de Justiça 4.0 - SJES - Previdenciário,130,713.0084838867189,713.0084838867189,1.0,0.4902,False
Procedimento Comum Cível,10ª Vara de Execução Fiscal do Rio de Janeiro,114,713.0084838867189,713.0084838867189,1.0,0.4902,False
Procedimento Comum Cível,11ª Vara de Execução Fiscal do Rio de Janeiro,114,713.0084838867189,713.0084838867189,1.0,0.4902,False
Procedimento Comum Cível,4ª Vara de Execução Fiscal do Rio de Janeiro,104,713.0084838867189,713.0084838867189,1.0,0.4902,False
Procedimento Comum Cível,6ª Vara de Execução Fiscal do Rio de Janeiro,102,713.0084838867189,713.0084838867189,1.0,0.4902,False
Procedimento Comum Cível,2ª Vara de Execução Fiscal do Rio de Janeiro,93,760.6572875976564,713.0084838867189,1.066827821530533,0.517,False
Procedimento Comum Cível,Núcleo Permanente de Métodos Consensuais de Solução de Conflitos,93,3073.4873046875,713.0084838867189,4.310590089943178,0.9323,True
Procedimento Comum Cível,7ª Vara de Execução Fiscal do Rio de Janeiro,85,713.0084838867189,713.0084838867189,1.0,0.4902,False
Procedimento Comum Cível,5ª Vara de Execução Fiscal do Rio de Janeiro,84,713.0084838867189,713.0084838867189,1.0,0.4902,False
Procedimento Comum Cível,1ª Vara de Execução Fiscal do Rio de Janeiro,82,713.0084838867189,713.0084838867189,1.0,0.4902,False
Mandado de Segurança Cível,1ª Vara Federal de Vitória,6405,289.52331542968756,281.6928100585938,1.027798030661361,0.1684,False
Mandado de Segurança Cível,6ª Vara Federal de Vitória,6379,295.47137451171875,281.6928100585938,1.0489134403191154,0.1737,False
Mandado de Segurança Cível,2ª Vara Federal de Vitória,6297,266.2220153808593,281.6928100585938,0.9450791993075135,0.1474,False
Mandado de Segurança Cível,25ª Vara Federal,4211,277.3029479980469,281.6928100585938,0.9844161373531904,0.1574,False
Mandado de Segurança Cível,31ª Vara Federal,3930,281.6928100585938,281.6928100585938,1.0,0.1613,False
Mandado de Segurança Cível,13ª Vara Federal,3817,216.21270751953128,281.6928100585938,0.767547838635135,0.1031,False
Mandado de Segurança Cível,9ª Vara Federal,3270,281.6928100585938,281.6928100585938,1.0,0.1613,False
Mandado de Segurança Cível,Vara Federal de Itaperuna,2686,281.6928100585938,281.6928100585938,1.0,0.1613,False
Mandado de Segurança Cível,4ª Vara Federal de Vitória,2573,299.29046630859364,281.6928100585938,1.0624710877297132,0.1772,False
Mandado de Segurança Cível,5ª Vara Federal de Vitória,2501,276.52178955078125,281.6928100585938,0.9816430511423527,0.1567,False
Mandado de Segurança Cível,Vara Federal de Macaé,2424,281.6928100585938,281.6928100585938,1.0,0.1613,False
Mandado de Segurança Cível,18ª Vara Federal do Rio de Janeiro,2377,281.6928100585938,281.6928100585938,1.0,0.1613,False
Mandado de Segurança Cível,3ª Vara Federal de Niterói,2349,298.9384765625001,281.6928100585938,1.0612215359714687,0.1769,False
Mandado de Segurança Cível,29ª Vara Federal do Rio de Janeiro,2155,281.6928100585938,281.6928100585938,1.0,0.1613,False
Mandado de Segurança Cível,4ª Vara Federal de Niterói,2107,350.19763183593767,281.6928100585938,1.243189812913913,0.2227,False
Mandado de Segurança Cível,4ª Vara Federal de Duque de Caxias,1990,263.2349853515624,281.6928100585938,0.9344753431825538,0.1447,False
Mandado de Segurança Cível,1ª Vara Federal de Duque de Caxias,1737,308.11895751953114,281.6928100585938,1.093811934551828,0.1851,False
Mandado de Segurança Cível,3ª Vara Federal do Rio de Janeiro,1730,281.6928100585938,281.6928100585938,1.0,0.1613,False
Mandado de Segurança Cível,1ª Vara Federal de Serra,1686,288.77737426757824,281.6928100585938,1.0251499646281734,0.1677,False
Mandado de Segurança Cível,1ª Vara Federal de Niterói,1673,335.8756408691407,281.6928100585938,1.1923472267512845,0.21,False
Mandado de Segurança Cível,16ª Vara Federal do Rio de Janeiro,1660,301.49044799804693,281.6928100585938,1.07028094872331,0.1792,False
Mandado de Segurança Cível,2ª Vara Federal do Rio de Janeiro,1639,281.6928100585938,281.6928100585938,1.0,0.1613,False
Mandado de Segurança Cível,19ª Vara Federal do Rio de Janeiro,1623,387.5757751464842,281.6928100585938,1.3758809643237473,0.2554,False
Mandado de Segurança Cível,6ª Vara Federal do Rio de Janeiro,1620,281.6928100585938,281.6928100585938,1.0,0.1613,False
Mandado de Segurança Cível,32ª Vara Federal do Rio de Janeiro,1609,383.45547485351574,281.6928100585938,1.3612540368842025,0.2518,False
Mandado de Segurança Cível,24ª Vara Federal do Rio de Janeiro,1606,330.8600158691405,281.6928100585938,1.174541926719108,0.2056,False
Mandado de Segurança Cível,26ª Vara Federal do Rio de Janeiro,1588,281.6928100585938,281.6928100585938,1.0,0.1613,False
Mandado de Segurança Cível,3ª Vara Federal de Campos,1556,200.64898681640625,281.6928100585938,0.712297153678399,0.0899,False
Mandado de Segurança Cível,4ª Vara Federal de Campos,1528,224.53637695312503,281.6928100585938,0.797096585129099,0.1104,False
Mandado de Segurança Cível,20ª Vara Federal do Rio de Janeiro,1518,281.6928100585938,281.6928100585938,1.0,0.1613,False
Mandado de Segurança Cível,30ª Vara Federal do Rio de Janeiro,1494,295.5119323730468,281.6928100585938,1.0490574193625266,0.1738,False
Mandado de Segurança Cível,14ª Vara Federal do Rio de Janeiro,1492,353.43231201171864,281.6928100585938,1.2546728187283254,0.2256,False
Mandado de Segurança Cível,28ª Vara Federal do Rio de Janeiro,1469,371.50540161132824,281.6928100585938,1.3188316788563146,0.2415,False
Mandado de Segurança Cível,Vara Federal de Colatina,1451,297.1891479492187,281.6928100585938,1.0550114782390134,0.1753,False
Mandado de Segurança Cível,22ª Vara Federal do Rio de Janeiro,1448,349.4766540527344,281.6928100585938,1.2406303660361127,0.2221,False
Mandado de Segurança Cível,23ª Vara Federal do Rio de Janeiro,1442,311.791534423828,281.6928100585938,1.106849459022307,0.1885,False
Mandado de Segurança Cível,17ª Vara Federal do Rio de Janeiro,1437,281.6928100585938,281.6928100585938,1.0,0.1613,False
Mandado de Segurança Cível,2ª Vara Federal de Nova Iguaçu,1436,328.26300048828125,281.6928100585938,1.1653226094766158,0.2032,False
Mandado de Segurança Cível,2ª Vara Federal de Duque de Caxias,1436,281.6928100585938,281.6928100585938,1.0,0.1613,False
Mandado de Segurança Cível,10ª Vara Federal do Rio de Janeiro,1418,339.52578735351557,281.6928100585938,1.2053051239855648,0.2133,False
Mandado de Segurança Cível,27ª Vara Federal do Rio de Janeiro,1400,281.6928100585938,281.6928100585938,1.0,0.1613,False
Mandado de Segurança Cível,4ª Vara Federal do Rio de Janeiro,1386,281.6928100585938,281.6928100585938,1.0,0.1613,False
Mandado de Segurança Cível,2ª Vara Federal de São Pedro da Aldeia,1366,281.6928100585938,281.6928100585938,1.0,0.1613,False
Mandado de Segurança Cível,2ª Vara Federal de Petrópolis,1336,243.91654968261716,281.6928100585938,0.8658955463999278,0.1274,False
Mandado de Segurança Cível,1ª Vara Federal de Nova Iguaçu,1288,331.5534973144531,281.6928100585938,1.1770037625223306,0.2062,False
Mandado de Segurança Cível,12ª Vara Federal do Rio de Janeiro,1278,300.30731201171864,281.6928100585938,1.0660808557706989,0.1781,False
Mandado de Segurança Cível,21ª Vara Federal do Rio de Janeiro,1270,322.80136108398426,281.6928100585938,1.1459339733124165,0.1983,False
Mandado de Segurança Cível,1ª Vara Federal de Campos,1248,342.945526123047,281.6928100585938,1.217445081582708,0.2163,False
Mandado de Segurança Cível,3ª Vara federal de cachoeiro de itapemirim,1234,281.6928100585938,281.6928100585938,1.0,0.1613,False
Mandado de Segurança Cível,1ª Vara Federal de Volta Redonda,1226,397.87158203124994,281.6928100585938,1.4124307324297352,0.2642,False
Mandado de Segurança Cível,11ª Vara Federal do Rio de Janeiro,1183,331.727264404297,281.6928100585938,1.1776206298460217,0.2063,False
Mandado de Segurança Cível,8ª Vara Federal do Rio de Janeiro,1180,419.58938598632795,281.6928100585938,1.4895282059171153,0.2826,False
Mandado de Segurança Cível,3ª Vara Federal de Volta Redonda,1149,374.09793090820324,281.6928100585938,1.3280350706515676,0.2437,False
Mandado de Segurança Cível,5ª Vara Federal de Duque de Caxias,1140,222.9198303222656,281.6928100585938,0.7913578989676624,0.109,False
Mandado de Segurança Cível,3ª Vara Federal de Duque de Caxias,1106,191.14498901367188,281.6928100585938,0.6785582811783963,0.082,False
Mandado de Segurança Cível,5ª Vara Federal de Nova Iguaçu,1054,204.79248046875009,281.6928100585938,0.7270064167635376,0.0934,False
Mandado de Segurança Cível,2ª Vara Federal de Cachoeiro do Itapemirim,1052,281.6928100585938,281.6928100585938,1.0,0.1613,False
Mandado de Segurança Cível,7ª Vara Federal do Rio de Janeiro,1019,281.6928100585938,281.6928100585938,1.0,0.1613,False
Mandado de Segurança Cível,1ª Vara Federal de São Pedro da Aldeia,1004,281.6928100585938,281.6928100585938,1.0,0.1613,False
Mandado de Segurança Cível,Vara Federal de Linhares,976,343.6877746582031,281.6928100585938,1.220080038914426,0.217,False
Mandado de Segurança Cível,7ª Vara Federal de São João de Meriti,972,176.46084594726568,281.6928100585938,0.6264300672443885,0.0701,False
Mandado de Segurança Cível,5ª Vara Federal de Volta Redonda,952,246.69799804687491,281.6928100585938,0.8757695945294459,0.1299,False
Mandado de Segurança Cível,8ª Vara Federal de São João de Meriti,937,95.31435394287112,281.6928100585938,0.3383627502705701,0.0172,False
Mandado de Segurança Cível,4ª Vara Federal de Nova Iguaçu,920,259.21310424804693,281.6928100585938,0.920197800554899,0.1411,False
Mandado de Segurança Cível,3ª Vara Federal de São Gonçalo,915,281.6928100585938,281.6928100585938,1.0,0.1613,False
Mandado de Segurança Cível,Vara Federal de São Mateus,868,296.3847656250001,281.6928100585938,1.0521559480462077,0.1746,False
Mandado de Segurança Cível,1ª Vara federal de cachoeiro de itapemirim,854,451.74362182617205,281.6928100585938,1.6036746615300783,0.3091,False
Mandado de Segurança Cível,2ª Vara Federal de São Gonçalo,839,274.01074218750006,281.6928100585938,0.9727289174704323,0.1544,False
Mandado de Segurança Cível,15ª Vara Federal do Rio de Janeiro,828,281.6928100585938,281.6928100585938,1.0,0.1613,False
Mandado de Segurança Cível,4ª Vara Federal de Volta Redonda,773,228.38703918457026,281.6928100585938,0.8107663065204411,0.1137,False
Mandado de Segurança Cível,1ª Vara Federal do Rio de Janeiro,762,230.03247070312491,281.6928100585938,0.816607533061553,0.1152,False
Mandado de Segurança Cível,Vara Federal de Três Rios,761,281.6928100585938,281.6928100585938,1.0,0.1613,False
Mandado de Segurança Cível,5ª Vara Federal do Rio de Janeiro,760,281.6928100585938,281.6928100585938,1.0,0.1613,False
Mandado de Segurança Cível,Vara Federal de Magé,760,331.9336242675782,281.6928100585938,1.1783532004190451,0.2065,False
Mandado de Segurança Cível,Vara Federal de Barra do Piraí,733,286.64721679687494,281.6928100585938,1.017587977262361,0.1658,False
Mandado de Segurança Cível,Vara Federal de Teresópolis,717,281.6928100585938,281.6928100585938,1.0,0.1613,False
Mandado de Segurança Cível,Vara Federal de Resende,703,281.6928100585938,281.6928100585938,1.0,0.1613,False
Mandado de Segurança Cível,Vara Federal de Nova Friburgo,654,281.6928100585938,281.6928100585938,1.0,0.1613,False
Mandado de Segurança Cível,1ª Vara Federal de Petrópolis,645,281.6928100585938,281.6928100585938,1.0,0.1613,False
Mandado de Segurança Cível,Vara Federal de Angra dos Reis,617,343.80432128906256,281.6928100585938,1.2204937755335294,0.2171,False
Mandado de Segurança Cível,3ª Vara Federal de Nova Iguaçu,593,237.3700256347656,281.6928100585938,0.8426556062449417,0.1216,False
Mandado de Segurança Cível,5ª Vara Federal de São João de Meriti,571,267.57662963867193,281.6928100585938,0.9498880343556315,0.1486,False
Mandado de Segurança Cível,2ª Vara Federal de Itaboraí,566,239.6603698730468,281.6928100585938,0.8507862512472221,0.1237,False
Mandado de Segurança Cível,6ª Vara Federal de São João de Meriti,511,332.1205749511718,281.6928100585938,1.1790168690570721,0.2067,False
Mandado de Segurança Cível,7ª Vara Federal de Niterói,510,334.45230102539074,281.6928100585938,1.1872944181849108,0.2088,False
Mandado de Segurança Cível,6ª Vara Federal de Niterói,496,315.9429931640625,281.6928100585938,1.1215869979015243,0.1922,False
Mandado de Segurança Cível,1ª Vara Federal de Itaboraí,412,228.94660949707037,281.6928100585938,0.8127527623067415,0.1142,False
Mandado de Segurança Cível,3 º Núcleo de Justiça 4.0 - SJRJ - Previdenciário,402,196.35783386230463,281.6928100585938,0.6970637050390495,0.0863,False
Mandado de Segurança Cível,4º Juizado Especial de Vitória,388,281.6928100585938,281.6928100585938,1.0,0.1613,False
Mandado de Segurança Cível,1 º Núcleo de Justiça 4.0 - SJRJ - Previdenciário,347,281.6928100585938,281.6928100585938,1.0,0.1613,False
Mandado de Segurança Cível,33ª Vara Federal do Rio de Janeiro,337,281.6928100585938,281.6928100585938,1.0,0.1613,False
Mandado de Segurança Cível,35ª Vara Federal do Rio de Janeiro,324,264.6733703613282,281.6928100585938,0.9395815615821878,0.146,False
Mandado de Segurança Cível,2º Juizado Especial Federal de São Gonçalo,324,283.51364135742193,281.6928100585938,1.0064638898609068,0.163,False
Mandado de Segurança Cível,4ª Vara Federal de São Gonçalo,321,281.6928100585938,281.6928100585938,1.0,0.1613,False
Mandado de Segurança Cível,2ª Vara de Execução Fiscal de São João de Meriti,317,281.6928100585938,281.6928100585938,1.0,0.1613,False
Mandado de Segurança Cível,1ª Vara de Execução Fiscal de São João de Meriti,305,318.99224853515636,281.6928100585938,1.1324117518966992,0.1949,False
Mandado de Segurança Cível,2 º Núcleo de Justiça 4.0 - SJRJ - Previdenciário,304,281.6928100585938,281.6928100585938,1.0,0.1613,False
Mandado de Segurança Cível,34ª Vara Federal do Rio de Janeiro,294,227.50411987304696,281.6928100585938,0.8076319726645658,0.113,False
Mandado de Segurança Cível,7ª Turma Recursal - Juiz Relator 2 - RJ,246,108.61515045166013,281.6928100585938,0.3855801304586635,0.0239,False
Mandado de Segurança Cível,6ª Turma Recursal - Juiz Relator 3 - RJ,240,199.19511413574216,281.6928100585938,0.7071359545680572,0.0887,False
Mandado de Segurança Cível,1º Núcleo de Justiça 4.0 - SJES - Previdenciário,226,281.6928100585938,281.6928100585938,1.0,0.1613,False
Mandado de Segurança Cível,8ª Turma Recursal - Juiz Relator 3 - RJ,226,119.84944152832034,281.6928100585938,0.4254614858767284,0.0303,False
Mandado de Segurança Cível,15º Juizado Especial Federal do Rio de Janeiro,221,328.0372009277345,281.6928100585938,1.164521028632221,0.203,False
Mandado de Segurança Cível,8ª Turma Recursal - Juiz Relator 2 - RJ,219,166.30348205566415,281.6928100585938,0.5903717671071265,0.0622,False
Mandado de Segurança Cível,4 º Núcleo de Justiça 4.0 - SJRJ - Previdenciário,218,257.5186462402344,281.6928100585938,0.9141825316260963,0.1396,False
Mandado de Segurança Cível,6ª Turma Recursal - Juiz Relator 1 - RJ,216,153.38912963867193,281.6928100585938,0.5445262504455335,0.0526,False
Mandado de Segurança Cível,7ª Turma Recursal - Juiz Relator 3 - RJ,215,263.67431640625006,281.6928100585938,0.9360349536482816,0.1451,False
Mandado de Segurança Cível,2ª Vara Federal de Nova Friburgo,206,251.56510925292977,281.6928100585938,0.8930476755888895,0.1342,False
Mandado de Segurança Cível,6ª Turma Recursal - Juiz Relator 2 - RJ,205,192.15460205078128,281.6928100585938,0.6821423734983224,0.0828,False
Mandado de Segurança Cível,8ª Turma Recursal - Juiz Relator 1 - RJ,203,124.14630126953122,281.6928100585938,0.4407151934183483,0.0329,False
Mandado de Segurança Cível,2ª Turma Recursal - Juiz Relator 1 - RJ,192,110.8404998779297,281.6928100585938,0.39348004606462694,0.0251,False
Mandado de Segurança Cível,2ª Turma Recursal - Juiz Relator 3 - RJ,189,281.6928100585938,281.6928100585938,1.0,0.1613,False
Mandado de Segurança Cível,Coordenadoria das Turmas Recursais,181,273.372833251953,281.6928100585938,0.9704643622075048,0.1538,False
Mandado de Segurança Cível,2ª Turma Recursal - Juiz Relator 1 - ES,181,166.66906738281256,281.6928100585938,0.5916695827207815,0.0625,False
Mandado de Segurança Cível,2ª Turma Recursal - Juiz Relator 2 - RJ,180,86.55125427246091,281.6928100585938,0.30725404121765737,0.0134,False
Mandado de Segurança Cível,Gabinete do Juízo Gestor das Turmas Recursais,172,314.25988769531256,281.6928100585938,1.115612030104512,0.1907,False
Mandado de Segurança Cível,1ª Turma Recursal - Juiz Relator 3 - RJ,170,87.28092193603517,281.6928100585938,0.30984433687846064,0.0137,False
Mandado de Segurança Cível,3ª Turma Recursal - Juiz Relator 3 - RJ,167,104.9806137084961,281.6928100585938,0.3726776472805944,0.022,False
Mandado de Segurança Cível,3ª Turma Recursal - Juiz Relator 1 - RJ,163,102.217643737793,281.6928100585938,0.3628691968266109,0.0206,False
Mandado de Segurança Cível,1ª Turma Recursal - Juiz Relator 1 - RJ,161,84.24439239501953,281.6928100585938,0.2990647591519861,0.0125,False
Mandado de Segurança Cível,1ª Turma Recursal - Juiz Relator 2 - ES,159,263.62112426757824,281.6928100585938,0.9358461233452975,0.145,False
Mandado de Segurança Cível,1ª Turma Recursal - Juiz Relator 2 - RJ,158,86.9817428588867,281.6928100585938,0.30878226121850244,0.0136,False
Mandado de Segurança Cível,5ª Turma Recursal - Juiz Relator 3 - RJ,157,135.95584106445318,281.6928100585938,0.4826386624357702,0.0404,False
Mandado de Segurança Cível,4ª Turma Recursal - Juiz Relator 3 - RJ,157,192.23333740234384,281.6928100585938,0.6824218813478347,0.0829,False
Mandado de Segurança Cível,2ª Turma Recursal - Juiz Relator 3 - ES,153,281.6928100585938,281.6928100585938,1.0,0.1613,False
Mandado de Segurança Cível,4ª Turma Recursal - Juiz Relator 2 - RJ,152,245.49775695800784,281.6928100585938,0.8715087790382112,0.1288,False
Mandado de Segurança Cível,6º Juizado Especial Federal do Rio de Janeiro,143,255.92250061035148,281.6928100585938,0.9085162683318685,0.1381,False
Mandado de Segurança Cível,2ª Turma Recursal - Juiz Relator 2 - ES,134,242.54600524902352,281.6928100585938,0.8610301597636535,0.1262,False
Mandado de Segurança Cível,3ª Turma Recursal - Juiz Relator 2 - RJ,130,58.836101531982415,281.6928100585938,0.20886618128359097,0.0045,False
Mandado de Segurança Cível,7º Juizado Especial Federal do Rio de Janeiro,128,235.9825744628906,281.6928100585938,0.837730201256485,0.1204,False
Mandado de Segurança Cível,1ª Turma Recursal - Juiz Relator 3 - ES,126,265.46826171875,281.6928100585938,0.9424033991621262,0.1467,False
Mandado de Segurança Cível,8º Juizado Especial Federal do Rio de Janeiro,121,220.20362854003912,281.6928100585938,0.7817154740095618,0.1066,False
Mandado de Segurança Cível,13º Juizado Especial Federal do Rio de Janeiro,114,281.6928100585938,281.6928100585938,1.0,0.1613,False
Mandado de Segurança Cível,4ª Turma Recursal - Juiz Relator 1 - RJ,112,151.3551483154297,281.6928100585938,0.5373056851679917,0.0511,False
Mandado de Segurança Cível,1ª Turma Recursal - Juiz Relator 1 - ES,111,281.6928100585938,281.6928100585938,1.0,0.1613,False
Mandado de Segurança Cível,5ª Turma Recursal - Juiz Relator 2 - RJ,111,240.78981018066395,281.6928100585938,0.8547957263466477,0.1247,False
Mandado de Segurança Cível,1ª Vara de Execução Fiscal de São Gonçalo,106,281.6928100585938,281.6928100585938,1.0,0.1613,False
Mandado de Segurança Cível,11º Juizado Especial Federal,100,278.5741882324219,281.6928100585938,0.9889289974226774,0.1585,False
Mandado de Segurança Cível,9º Juizado Especial Federal do Rio de Janeiro,93,201.46427917480477,281.6928100585938,0.7151914141255469,0.0906,False
Mandado de Segurança Cível,5 º Núcleo de Justiça 4.0 - SJRJ - Previdenciário,89,281.6928100585938,281.6928100585938,1.0,0.1613,False
Mandado de Segurança Cível,14º Juizado Especial Federal do Rio de Janeiro,85,281.6928100585938,281.6928100585938,1.0,0.1613,False
Mandado de Segurança Cível,6 º Núcleo de Justiça 4.0 - SJRJ - Previdenciário,81,208.74722290039057,281.6928100585938,0.7410456193644768,0.0967,False
Agravo de Instrumento,Gabinete da Vice-Presidência,7909,2143.4904785156255,319.42312622070324,6.710504977759799,0.8684,True
Agravo de Instrumento,GABINETE 24,5606,319.42312622070324,319.42312622070324,1.0,0.1953,False
Agravo de Instrumento,GABINETE 23,5327,319.42312622070324,319.42312622070324,1.0,0.1953,False
Agravo de Instrumento,GABINETE 13,5280,319.42312622070324,319.42312622070324,1.0,0.1953,False
Agravo de Instrumento,GABINETE 19,5005,308.0494689941405,319.42312622070324,0.9643931315771289,0.1851,False
Agravo de Instrumento,GABINETE 15,4961,266.82110595703136,319.42312622070324,0.8353218162816212,0.1479,False
Agravo de Instrumento,GABINETE 21,4961,221.8169708251954,319.42312622070324,0.6944299038383729,0.108,False
Agravo de Instrumento,GABINETE 14,4924,230.93698120117196,319.42312622070324,0.7229814069304663,0.116,False
Agravo de Instrumento,GABINETE 16,4885,253.68086242675784,319.42312622070324,0.7941843955640168,0.1361,False
Agravo de Instrumento,GABINETE 17,4847,182.2859191894531,319.42312622070324,0.5706722658005166,0.0748,False
Agravo de Instrumento,GABINETE 22,4794,293.5341491699219,319.42312622070324,0.9189508369131246,0.172,False
Agravo de Instrumento,GABINETE 10,4699,319.42312622070324,319.42312622070324,1.0,0.1953,False
Agravo de Instrumento,GABINETE 20,4640,314.20205688476557,319.42312622070324,0.9836546921391965,0.1906,False
Agravo de Instrumento,GABINETE 18,4593,197.70971679687506,319.42312622070324,0.6189586807195321,0.0874,False
Agravo de Instrumento,GABINETE 09,4440,319.42312622070324,319.42312622070324,1.0,0.1953,False
Agravo de Instrumento,GABINETE 11,4324,319.42312622070324,319.42312622070324,1.0,0.1953,False
Agravo de Instrumento,GABINETE 12,4231,353.55450439453114,319.42312622070324,1.1068531842940046,0.2257,False
Agravo de Instrumento,GABINETE 08,3946,247.65208435058597,319.42312622070324,0.7753104394184422,0.1308,False
Agravo de Instrumento,GABINETE 07,3830,298.78155517578114,319.42312622070324,0.9353785955038836,0.1767,False
Agravo de Instrumento,GABINETE 31,2605,319.42312622070324,319.42312622070324,1.0,0.1953,False
Agravo de Instrumento,GABINETE 29,2534,319.42312622070324,319.42312622070324,1.0,0.1953,False
Agravo de Instrumento,GABINETE 30,2445,218.4810333251954,319.42312622070324,0.6839862720967718,0.1051,False
Agravo de Instrumento,GABINETE 32,2293,356.93917846679676,319.42312622070324,1.117449392878874,0.2287,False
Agravo de Instrumento,GABINETE 28,2275,319.42312622070324,319.42312622070324,1.0,0.1953,False
Agravo de Instrumento,GABINETE 27,2257,319.42312622070324,319.42312622070324,1.0,0.1953,False
Agravo de Instrumento,GABINETE 02,1844,269.61547851562494,319.42312622070324,0.8440700011474309,0.1504,False
Agravo de Instrumento,GABINETE 05,1638,323.379852294922,319.42312622070324,1.012387099584909,0.1989,False
Agravo de Instrumento,GABINETE 04,1585,319.42312622070324,319.42312622070324,1.0,0.1953,False
Agravo de Instrumento,GABINETE 06,1525,319.42312622070324,319.42312622070324,1.0,0.1953,False
Agravo de Instrumento,GABINETE 01,1515,319.42312622070324,319.42312622070324,1.0,0.1953,False
Agravo de Instrumento,GABINETE 03,1443,319.42312622070324,319.42312622070324,1.0,0.1953,False
Agravo de Instrumento,GABINETE 26,675,346.08648681640614,319.42312622070324,1.0834734820586536,0.2191,False
Agravo de Instrumento,GABINETE 25,494,323.7711486816407,319.42312622070324,1.0136121091555945,0.1992,False
Agravo de Instrumento,GABINETE 34 - JFC,220,302.7963256835938,319.42312622070324,0.9479474115295545,0.1804,False
Agravo de Instrumento,GABINETE 36 - JFC,203,248.20452880859366,319.42312622070324,0.7770399461844175,0.1312,False
Agravo de Instrumento,GABINETE 33 - JFC,199,386.1463012695312,319.42312622070324,1.2088864880832892,0.2542,False
Agravo de Instrumento,GABINETE 35 - JFC,160,319.42312622070324,319.42312622070324,1.0,0.1953,False
Execução de Título Extrajudicial,4ª Vara Federal de Vitória,2567,852.4020385742184,698.9639282226565,1.2195222158913526,0.564,False
Execução de Título Extrajudicial,1ª Vara Federal de Campos,2055,871.3509521484374,698.9639282226565,1.2466322180089193,0.5729,False
Execução de Título Extrajudicial,2ª Vara Federal de São Pedro da Aldeia,2002,791.4609985351565,698.9639282226565,1.1323345405644951,0.5335,False
Execução de Título Extrajudicial,5ª Vara Federal de Vitória,1923,396.7401733398438,698.9639282226565,0.5676117998659601,0.2633,False
Execução de Título Extrajudicial,32ª Vara Federal do Rio de Janeiro,1906,941.3062744140626,698.9639282226565,1.3467165277150146,0.6041,False
Execução de Título Extrajudicial,22ª Vara Federal do Rio de Janeiro,1886,873.902038574219,698.9639282226565,1.2502820292835422,0.5741,False
Execução de Título Extrajudicial,10ª Vara Federal do Rio de Janeiro,1862,829.1790161132816,698.9639282226565,1.186297293226189,0.5526,False
Execução de Título Extrajudicial,6ª Vara Federal do Rio de Janeiro,1849,698.9639282226565,698.9639282226565,1.0,0.482,False
Execução de Título Extrajudicial,14ª Vara Federal do Rio de Janeiro,1807,1016.7591552734377,698.9639282226565,1.4546661340004758,0.6346,False
Execução de Título Extrajudicial,24ª Vara Federal do Rio de Janeiro,1797,820.9624633789065,698.9639282226565,1.1745419616524004,0.5485,False
Execução de Título Extrajudicial,26ª Vara Federal do Rio de Janeiro,1760,698.9639282226565,698.9639282226565,1.0,0.482,False
Execução de Título Extrajudicial,30ª Vara Federal do Rio de Janeiro,1750,710.1670532226561,698.9639282226565,1.0160281876469466,0.4886,False
Execução de Título Extrajudicial,19ª Vara Federal do Rio de Janeiro,1730,718.155029296875,698.9639282226565,1.0274564971085391,0.4932,False
Execução de Título Extrajudicial,27ª Vara Federal do Rio de Janeiro,1726,604.0390624999998,698.9639282226565,0.8641920392601173,0.422,False
Execução de Título Extrajudicial,20ª Vara Federal do Rio de Janeiro,1694,698.9639282226565,698.9639282226565,1.0,0.482,False
Execução de Título Extrajudicial,4ª Vara Federal do Rio de Janeiro,1670,698.9639282226565,698.9639282226565,1.0,0.482,False
Execução de Título Extrajudicial,21ª Vara Federal do Rio de Janeiro,1669,693.4934692382815,698.9639282226565,0.9921734745335351,0.4788,False
Execução de Título Extrajudicial,2ª Vara Federal do Rio de Janeiro,1666,698.9639282226565,698.9639282226565,1.0,0.482,False
Execução de Título Extrajudicial,Vara Federal de Macaé,1635,682.141784667969,698.9639282226565,0.975932744344242,0.4719,False
Execução de Título Extrajudicial,28ª Vara Federal do Rio de Janeiro,1618,779.1920166015624,698.9639282226565,1.1147814431324259,0.527,False
Execução de Título Extrajudicial,3ª Vara Federal do Rio de Janeiro,1599,698.9639282226565,698.9639282226565,1.0,0.482,False
Execução de Título Extrajudicial,17ª Vara Federal do Rio de Janeiro,1592,698.9639282226565,698.9639282226565,1.0,0.482,False
Execução de Título Extrajudicial,23ª Vara Federal do Rio de Janeiro,1586,771.612731933594,698.9639282226565,1.1039378439681011,0.523,False
Execução de Título Extrajudicial,29ª Vara Federal do Rio de Janeiro,1528,698.9639282226565,698.9639282226565,1.0,0.482,False
Execução de Título Extrajudicial,7ª Vara Federal do Rio de Janeiro,1505,698.9639282226565,698.9639282226565,1.0,0.482,False
Execução de Título Extrajudicial,1ª Vara Federal de Duque de Caxias,1423,923.4453735351566,698.9639282226565,1.3211631333870366,0.5964,False
Execução de Título Extrajudicial,2ª Vara Federal de Duque de Caxias,1422,698.9639282226565,698.9639282226565,1.0,0.482,False
Execução de Título Extrajudicial,16ª Vara Federal do Rio de Janeiro,1397,620.3308715820311,698.9639282226565,0.8875005512221846,0.4329,False
Execução de Título Extrajudicial,2ª Vara Federal de Nova Iguaçu,1319,808.2754516601564,698.9639282226565,1.1563907936071323,0.5421,False
Execução de Título Extrajudicial,8ª Vara Federal do Rio de Janeiro,1277,971.6038818359373,698.9639282226565,1.3900629812278822,0.6168,False
Execução de Título Extrajudicial,11ª Vara Federal do Rio de Janeiro,1183,778.7592773437502,698.9639282226565,1.114162327838576,0.5268,False
Execução de Título Extrajudicial,1ª Vara Federal de Petrópolis,1100,698.9639282226565,698.9639282226565,1.0,0.482,False
Execução de Título Extrajudicial,6ª Vara Federal de São João de Meriti,1061,1142.2935791015623,698.9639282226565,1.634266852663221,0.6791,False
Execução de Título Extrajudicial,5ª Vara Federal de São João de Meriti,1053,937.1881713867191,698.9639282226565,1.3408248030335777,0.6024,False
Execução de Título Extrajudicial,5ª Vara Federal do Rio de Janeiro,929,698.9639282226565,698.9639282226565,1.0,0.482,False
Execução de Título Extrajudicial,1ª Vara federal de cachoeiro de itapemirim,901,1604.2806396484368,698.9639282226565,2.295226656013341,0.7933,True
Execução de Título Extrajudicial,3ª Vara Federal de Niterói,891,785.7430419921876,698.9639282226565,1.1241539230646642,0.5305,False
Execução de Título Extrajudicial,4º Juizado Especial de Vitória,887,345.28671264648426,698.9639282226565,0.4939978998980509,0.2184,False
Execução de Título Extrajudicial,1ª Vara Federal de Niterói,875,848.5219116210938,698.9639282226565,1.2139709609603706,0.5621,False
Execução de Título Extrajudicial,4ª Vara Federal de Niterói,865,729.7816162109375,698.9639282226565,1.044090527055731,0.4999,False
Execução de Título Extrajudicial,3ª Vara Federal de São Gonçalo,808,698.9639282226565,698.9639282226565,1.0,0.482,False
Execução de Título Extrajudicial,Vara Federal de Nova Friburgo,779,698.9639282226565,698.9639282226565,1.0,0.482,False
Execução de Título Extrajudicial,1ª Vara Federal de Volta Redonda,753,987.2381591796872,698.9639282226565,1.4124307697681364,0.6231,False
Execução de Título Extrajudicial,2ª Vara Federal de São Gonçalo,739,771.9461669921877,698.9639282226565,1.1044148858369736,0.5231,False
Execução de Título Extrajudicial,1ª Vara Federal de Nova Iguaçu,733,819.4382934570311,698.9639282226565,1.1723613485186855,0.5478,False
Execução de Título Extrajudicial,3ª Vara Federal de Volta Redonda,713,920.5411376953122,698.9639282226565,1.3170080751321287,0.5952,False
Execução de Título Extrajudicial,Vara Federal de Itaperuna,686,698.9639282226565,698.9639282226565,1.0,0.482,False
Execução de Título Extrajudicial,Vara Federal de Colatina,676,762.0819091796877,698.9639282226565,1.09030220074093,0.5178,False
Execução de Título Extrajudicial,12ª Vara Federal do Rio de Janeiro,632,433.0198669433593,698.9639282226565,0.6195167582459562,0.2938,False
Execução de Título Extrajudicial,Vara Federal de Barra do Piraí,613,711.2573242187503,698.9639282226565,1.0175880263626105,0.4892,False
Execução de Título Extrajudicial,Vara Federal de Linhares,613,837.8265380859373,698.9639282226565,1.1986692077463628,0.5569,False
Execução de Título Extrajudicial,15ª Vara Federal do Rio de Janeiro,599,609.9013061523439,698.9639282226565,0.8725790867394497,0.4259,False
Execução de Título Extrajudicial,Vara Federal de São Mateus,580,735.4190673828126,698.9639282226565,1.052155966407101,0.5031,False
Execução de Título Extrajudicial,1ª Vara Federal do Rio de Janeiro,559,570.7792358398435,698.9639282226565,0.816607571282306,0.3991,False
Execução de Título Extrajudicial,2ª Vara Federal de Cachoeiro do Itapemirim,544,540.6580810546874,698.9639282226565,0.7735135666149278,0.3776,False
Execução de Título Extrajudicial,Vara Federal de Teresópolis,493,698.9639282226565,698.9639282226565,1.0,0.482,False
Execução de Título Extrajudicial,Vara Federal de Resende,485,698.9639282226565,698.9639282226565,1.0,0.482,False
Execução de Título Extrajudicial,Vara Federal de Angra dos Reis,464,1027.5069580078127,698.9639282226565,1.4700428970928212,0.6387,False
Execução de Título Extrajudicial,2ª Vara Federal de Itaboraí,456,594.6688842773438,698.9639282226565,0.8507862283959104,0.4157,False
Execução de Título Extrajudicial,2º Juizado Especial Federal de Vitória,439,799.0972290039061,698.9639282226565,1.1432596114593083,0.5374,False
Execução de Título Extrajudicial,Vara Federal de Três Rios,436,698.9639282226565,698.9639282226565,1.0,0.482,False
Execução de Título Extrajudicial,1ª Vara Federal de Itaboraí,413,682.429748535156,698.9639282226565,0.9763447310799801,0.4721,False
Execução de Título Extrajudicial,Vara Federal de Magé,398,914.6692504882812,698.9639282226565,1.3086072307252332,0.5926,False
Execução de Título Extrajudicial,33ª Vara Federal do Rio de Janeiro,398,698.9639282226565,698.9639282226565,1.0,0.482,False
Execução de Título Extrajudicial,34ª Vara Federal do Rio de Janeiro,390,545.4407958984376,698.9639282226565,0.7803561441080351,0.3811,False
Execução de Título Extrajudicial,35ª Vara Federal do Rio de Janeiro,316,656.7335815429689,698.9639282226565,0.9395815077509478,0.4563,False
Execução de Título Extrajudicial,1ª Vara Federal de Serra,284,716.5429077148435,698.9639282226565,1.025150052502548,0.4923,False
Execução de Título Extrajudicial,18ª Vara Federal do Rio de Janeiro,281,698.9639282226565,698.9639282226565,1.0,0.482,False
Execução de Título Extrajudicial,1ª Vara Federal de São Pedro da Aldeia,255,698.9639282226565,698.9639282226565,1.0,0.482,False
Execução de Título Extrajudicial,2º Juizado Especial Federal de São Gonçalo,231,703.4819335937502,698.9639282226565,1.0064638605637093,0.4847,False
Execução de Título Extrajudicial,7ª Vara Federal de Niterói,202,829.8759765625002,698.9639282226565,1.1872944268708263,0.553,False
Execução de Título Extrajudicial,6ª Vara Federal de Niterói,202,780.8568115234377,698.9639282226565,1.1171632469060608,0.5279,False
Execução de Título Extrajudicial,1ª Vara de Execução Fiscal de São João de Meriti,194,656.0137329101565,698.9639282226565,0.9385516282339278,0.4558,False
Execução de Título Extrajudicial,4ª Vara Federal de São Gonçalo,191,698.9639282226565,698.9639282226565,1.0,0.482,False
Execução de Título Extrajudicial,2ª Vara de Execução Fiscal de São João de Meriti,158,698.9639282226565,698.9639282226565,1.0,0.482,False
Execução de Título Extrajudicial,2ª Vara Federal de Nova Friburgo,97,624.2081298828127,698.9639282226565,0.8930477020038291,0.4354,False
Apelação / Remessa Necessária,Gabinete da Vice-Presidência,7702,2009.0308837890623,404.3545837402344,4.968487967184031,0.8535,True
Apelação / Remessa Necessária,GABINETE 05,1574,404.3545837402344,404.3545837402344,1.0,0.2697,False
Apelação / Remessa Necessária,GABINETE 06,1516,404.3545837402344,404.3545837402344,1.0,0.2697,False
Apelação / Remessa Necessária,GABINETE 09,1377,414.3179626464845,404.3545837402344,1.0246402027005357,0.2782,False
Apelação / Remessa Necessária,GABINETE 02,1369,339.5542907714845,404.3545837402344,0.8397438892138813,0.2133,False
Apelação / Remessa Necessária,GABINETE 01,1317,404.3545837402344,404.3545837402344,1.0,0.2697,False
Apelação / Remessa Necessária,GABINETE 12,1260,513.4500732421874,404.3545837402344,1.26980154025418,0.3574,False
Apelação / Remessa Necessária,GABINETE 24,1257,404.3545837402344,404.3545837402344,1.0,0.2697,False
Apelação / Remessa Necessária,GABINETE 03,1230,404.3545837402344,404.3545837402344,1.0,0.2697,False
Apelação / Remessa Necessária,GABINETE 07,1222,402.89819335937494,404.3545837402344,0.9963982345213254,0.2685,False
Apelação / Remessa Necessária,GABINETE 10,1144,404.3545837402344,404.3545837402344,1.0,0.2697,False
Apelação / Remessa Necessária,GABINETE 08,1134,317.9679260253907,404.3545837402344,0.7863591481620492,0.194,False
Apelação / Remessa Necessária,GABINETE 04,1078,404.3545837402344,404.3545837402344,1.0,0.2697,False
Apelação / Remessa Necessária,GABINETE 22,1013,371.58193969726574,404.3545837402344,0.918950729481473,0.2415,False
Apelação / Remessa Necessária,GABINETE 23,1003,404.3545837402344,404.3545837402344,1.0,0.2697,False
Apelação / Remessa Necessária,GABINETE 11,992,404.3545837402344,404.3545837402344,1.0,0.2697,False
Apelação / Remessa Necessária,GABINETE 15,896,314.10049438476557,404.3545837402344,0.7767946921223728,0.1905,False
Apelação / Remessa Necessária,GABINETE 13,872,404.3545837402344,404.3545837402344,1.0,0.2697,False
Apelação / Remessa Necessária,GABINETE 19,848,404.3545837402344,404.3545837402344,1.0,0.2697,False
Apelação / Remessa Necessária,GABINETE 20,827,397.7452392578125,404.3545837402344,0.9836545825169429,0.2641,False
Apelação / Remessa Necessária,GABINETE 21,798,280.79589843749994,404.3545837402344,0.6944298636117081,0.1605,False
Apelação / Remessa Necessária,GABINETE 14,760,255.90162658691398,404.3545837402344,0.6328644137525355,0.1381,False
Apelação / Remessa Necessária,GABINETE 26,740,438.10745239257807,404.3545837402344,1.0834734414041594,0.2979,False
Apelação / Remessa Necessária,GABINETE 17,726,220.64433288574222,404.3545837402344,0.5456704134396276,0.107,False
Apelação / Remessa Necessária,GABINETE 18,696,231.33396911621085,404.3545837402344,0.5721067063872448,0.1163,False
Apelação / Remessa Necessária,GABINETE 16,681,319.2979736328124,404.3545837402344,0.7896484582401467,0.1952,False
Apelação / Remessa Necessária,GABINETE 28,609,404.3545837402344,404.3545837402344,1.0,0.2697,False
Apelação / Remessa Necessária,GABINETE 25,609,409.85867309570295,404.3545837402344,1.013612036506564,0.2744,False
Apelação / Remessa Necessária,GABINETE 27,542,404.3545837402344,404.3545837402344,1.0,0.2697,False
Apelação / Remessa Necessária,GABINETE 29,453,404.3545837402344,404.3545837402344,1.0,0.2697,False
Apelação / Remessa Necessária,GABINETE 32,450,451.36511230468733,404.3545837402344,1.1162606545216103,0.3088,False
Apelação / Remessa Necessária,GABINETE 31,420,404.3545837402344,404.3545837402344,1.0,0.2697,False
Apelação / Remessa Necessária,GABINETE 30,338,274.99334716796875,404.3545837402344,0.680079707825521,0.1553,False
Apelação / Remessa Necessária,GABINETE 34 - JFC,170,362.5985412597655,404.3545837402344,0.8967340938880174,0.2337,False
Apelação / Remessa Necessária,GABINETE 33 - JFC,155,488.81875610351585,404.3545837402344,1.208886397631498,0.3385,False
Apelação / Remessa Necessária,GABINETE 35 - JFC,107,404.3545837402344,404.3545837402344,1.0,0.2697,False
Apelação / Remessa Necessária,GABINETE 36 - JFC,106,354.1035156250001,404.3545837402344,0.8757252418151971,0.2262,False
Carta Precatória Cível,Setor de Distribuição do Rio de Janeiro (Rio Branco),14472,9.241411209106445,74.0693435668945,0.12476701917521676,0.0,False
Carta Precatória Cível,Setor de Distribuição do Rio de Janeiro,2900,26.6557788848877,74.0693435668945,0.35987599729183467,0.0003,False
Carta Precatória Cível,"Seção de Distr., Atend. e Apoio Adm.",1669,33.2287712097168,74.0693435668945,0.44861706084524405,0.0007,False
Carta Precatória Cível,Diretoria de Nova Iguaçu,1098,40.4982566833496,74.0693435668945,0.5467613824169276,0.0013,False
Carta Precatória Cível,Subsecretaria de Distribuição de Atividades Judiciárias,669,1664.0328369140623,74.0693435668945,22.465878010802385,0.804,True
Carta Precatória Cível,Diretoria de Niterói,572,37.88005447387696,74.0693435668945,0.5114133952012982,0.0011,False
Carta Precatória Cível,3ª Vara de Execução Fiscal de Vitória,537,85.03170013427737,74.0693435668945,1.1480012652938176,0.0128,False
Carta Precatória Cível,4ª Vara de Execução Fiscal de Vitória,509,74.0693435668945,74.0693435668945,1.0,0.0087,False
Carta Precatória Cível,2ª Vara de Execução Fiscal de Vitória,486,74.0693435668945,74.0693435668945,1.0,0.0087,False
Carta Precatória Cível,Diretoria de Macaé,449,34.42407226562499,74.0693435668945,0.46475465567661556,0.0008,False
Carta Precatória Cível,Diretoria de Duque de Caxias,414,41.869937896728516,74.0693435668945,0.5652802614473608,0.0015,False
Carta Precatória Cível,Diretoria de São João de Meriti,329,39.63525390625001,74.0693435668945,0.5351101008537235,0.0012,False
Carta Precatória Cível,6ª Vara de Execução Fiscal do Rio de Janeiro,313,74.0693435668945,74.0693435668945,1.0,0.0087,False
Carta Precatória Cível,4ª Vara de Execução Fiscal do Rio de Janeiro,298,74.0693435668945,74.0693435668945,1.0,0.0087,False
Carta Precatória Cível,9ª Vara de Execução Fiscal do Rio de janeiro,297,74.0693435668945,74.0693435668945,1.0,0.0087,False
Carta Precatória Cível,2ª Vara de Execução Fiscal do Rio de Janeiro,296,86.32077026367185,74.0693435668945,1.1654048234640106,0.0133,False
Carta Precatória Cível,1ª Vara de Execução Fiscal do Rio de Janeiro,290,74.0693435668945,74.0693435668945,1.0,0.0087,False
Carta Precatória Cível,10ª Vara de Execução Fiscal do Rio de Janeiro,280,74.0693435668945,74.0693435668945,1.0,0.0087,False
Carta Precatória Cível,11ª Vara de Execução Fiscal do Rio de Janeiro,277,74.0693435668945,74.0693435668945,1.0,0.0087,False
Carta Precatória Cível,Diretoria de São Pedro da Aldeia,268,55.908634185790994,74.0693435668945,0.7548147653731808,0.0038,False
Carta Precatória Cível,5ª Vara de Execução Fiscal do Rio de Janeiro,264,74.0693435668945,74.0693435668945,1.0,0.0087,False
Carta Precatória Cível,Diretoria de São Gonçalo,262,60.073921203613295,74.0693435668945,0.811049731382573,0.0047,False
Carta Precatória Cível,8ª Vara de Execução Fiscal do Rio de Janeiro,255,74.0693435668945,74.0693435668945,1.0,0.0087,False
Carta Precatória Cível,7ª Vara de Execução Fiscal do Rio de Janeiro,255,74.0693435668945,74.0693435668945,1.0,0.0087,False
Carta Precatória Cível,3ª Vara de Execução Fiscal do Rio de Janeiro,250,74.0693435668945,74.0693435668945,1.0,0.0087,False
Carta Precatória Cível,12ª Vara de Execução Fiscal do Rio de Janeiro,245,74.0693435668945,74.0693435668945,1.0,0.0087,False
Carta Precatória Cível,"Seção Contadoria, Distr. Cert de CI",244,60.74166488647458,74.0693435668945,0.8200648468231226,0.0049,False
Carta Precatória Cível,4ª Vara Federal de Vitória,243,97.24924468994139,74.0693435668945,1.3129486506399553,0.0181,False
Carta Precatória Cível,Diretoria de Petrópolis,236,19.579736709594727,74.0693435668945,0.2643433270326152,0.0001,False
Carta Precatória Cível,5ª Vara Federal de Vitória,228,69.40876007080081,74.0693435668945,0.9370781044942762,0.0073,False
Carta Precatória Cível,Diretoria de Itaperuna,227,2.6331865787506104,74.0693435668945,0.03555028912025515,0.0,False
Carta Precatória Cível,"Seção Contadoria, Distr. Cert. Serra",194,74.0693435668945,74.0693435668945,1.0,0.0087,False
Carta Precatória Cível,5ª Vara Federal de Niterói,191,106.53181457519527,74.0693435668945,1.4382713474297613,0.0228,False
Carta Precatória Cível,Diretoria de Volta Redonda,185,13.746500968933105,74.0693435668945,0.18558961517619202,0.0,False
Carta Precatória Cível,Setor de Distribuição Criminal de Campos,171,46.160720825195305,74.0693435668945,0.6232095304517721,0.0021,False
Carta Precatória Cível,9ª Vara Federal Criminal do Rio de Janeiro,156,74.0693435668945,74.0693435668945,1.0,0.0087,False
Carta Precatória Cível,Vara Federal de Itaperuna,143,74.0693435668945,74.0693435668945,1.0,0.0087,False
Carta Precatória Cível,Diretoria de Três Rios,143,26.43921852111816,74.0693435668945,0.3569522456647671,0.0003,False
Carta Precatória Cível,"Seção Contadoria, Distr. Cert. S. Mateus",142,26.27785491943359,74.0693435668945,0.3547736979159425,0.0003,False
Carta Precatória Cível,Diretoria de Angra dos Reis,117,70.43946075439453,74.0693435668945,0.9509934523826081,0.0076,False
Carta Precatória Cível,Diretoria de Resende,116,23.926151275634766,74.0693435668945,0.32302367110930663,0.0002,False
Carta Precatória Cível,"Seção Contadoria, Distr. Cert. Linhares",113,49.648303985595696,74.0693435668945,0.6702949100764832,0.0026,False
Carta Precatória Cível,Vara Federal de Macaé,104,74.0693435668945,74.0693435668945,1.0,0.0087,False
Carta Precatória Cível,4º Juizado Especial de Vitória,101,74.0693435668945,74.0693435668945,1.0,0.0087,False
Carta Precatória Cível,2ª Vara Federal de Nova Iguaçu,101,85.65310668945311,74.0693435668945,1.1563907895592045,0.013,False
Carta Precatória Cível,1ª Vara Federal de Petrópolis,97,74.0693435668945,74.0693435668945,1.0,0.0087,False
Carta Precatória Cível,28ª Vara Federal do Rio de Janeiro,96,95.56552124023435,74.0693435668945,1.2902169323793984,0.0173,False
Carta Precatória Cível,1ª Vara Federal de Duque de Caxias,93,90.75485992431639,74.0693435668945,1.2252688569104524,0.0152,False
Carta Precatória Cível,Vara Federal de Resende,87,74.0693435668945,74.0693435668945,1.0,0.0087,False
Carta Precatória Cível,1ª Vara Federal de Campos,84,90.17535400390626,74.0693435668945,1.2174450273407091,0.0149,False
Carta Precatória Cível,17ª Vara Federal do Rio de Janeiro,84,74.0693435668945,74.0693435668945,1.0,0.0087,False
Carta Precatória Cível,2ª Vara Federal do Rio de Janeiro,84,74.0693435668945,74.0693435668945,1.0,0.0087,False
Carta Precatória Cível,23ª Vara Federal do Rio de Janeiro,81,95.55749511718751,74.0693435668945,1.290108572798223,0.0173,False
Carta Precatória Cível,Diretoria de Itaboraí,81,74.0693435668945,74.0693435668945,1.0,0.0087,False
Carta Precatória Cível,20ª Vara Federal do Rio de Janeiro,80,74.0693435668945,74.0693435668945,1.0,0.0087,False
Remessa Necessária Cível,GABINETE 05,2423,222.00978088378906,222.00978088378906,1.0,0.1082,False
Remessa Necessária Cível,GABINETE 02,2189,180.89961242675778,222.00978088378906,0.8148272193532303,0.0737,False
Remessa Necessária Cível,GABINETE 06,1824,222.00978088378906,222.00978088378906,1.0,0.1082,False
Remessa Necessária Cível,GABINETE 04,1808,222.00978088378906,222.00978088378906,1.0,0.1082,False
Remessa Necessária Cível,GABINETE 01,1757,242.0988311767579,222.00978088378906,1.0904872308463043,0.1258,False
Remessa Necessária Cível,GABINETE 03,1686,222.00978088378906,222.00978088378906,1.0,0.1082,False
Remessa Necessária Cível,GABINETE 26,1044,218.69105529785165,222.00978088378906,0.9850514442529241,0.1053,False
Remessa Necessária Cível,GABINETE 25,1016,222.00978088378906,222.00978088378906,1.0,0.1082,False
Remessa Necessária Cível,GABINETE 10,698,222.00978088378906,222.00978088378906,1.0,0.1082,False
Remessa Necessária Cível,GABINETE 07,684,207.6631927490234,222.00978088378906,0.9353785762156336,0.0958,False
Remessa Necessária Cível,GABINETE 08,655,168.579833984375,222.00978088378906,0.7593351667358208,0.064,False
Remessa Necessária Cível,GABINETE 12,652,232.62530517578125,222.00978088378906,1.0478155703308805,0.1174,False
Remessa Necessária Cível,GABINETE 20,645,218.3809356689454,222.00978088378906,0.9836545705310922,0.105,False
Remessa Necessária Cível,GABINETE 21,637,154.17022705078122,222.00978088378906,0.6944298869944003,0.0531,False
Remessa Necessária Cível,GABINETE 23,624,222.00978088378906,222.00978088378906,1.0,0.1082,False
Remessa Necessária Cível,GABINETE 19,611,227.52441406250009,222.00978088378906,1.0248395956104188,0.113,False
Remessa Necessária Cível,GABINETE 17,608,124.58977508544919,222.00978088378906,0.5611904781378333,0.0331,False
Remessa Necessária Cível,GABINETE 34 - JFC,576,186.90596008300778,222.00978088378906,0.8418816474614856,0.0785,False
Remessa Necessária Cível,GABINETE 35 - JFC,573,222.00978088378906,222.00978088378906,1.0,0.1082,False
Remessa Necessária Cível,GABINETE 09,572,223.34893798828122,222.00978088378906,1.006031973452526,0.1093,False
Remessa Necessária Cível,GABINETE 24,567,222.00978088378906,222.00978088378906,1.0,0.1082,False
Remessa Necessária Cível,GABINETE 33 - JFC,564,268.3846130371094,222.00978088378906,1.2088864372042925,0.1493,False
Remessa Necessária Cível,GABINETE 16,558,176.31668090820318,222.00978088378906,0.7941842931708314,0.07,False
Remessa Necessária Cível,GABINETE 36 - JFC,553,199.34448242187503,222.00978088378906,0.8979085589306618,0.0888,False
Remessa Necessária Cível,GABINETE 18,552,127.01328277587889,222.00978088378906,0.5721066984988555,0.0347,False
Remessa Necessária Cível,GABINETE 22,527,206.6038970947266,222.00978088378906,0.9306071843874001,0.0949,False
Remessa Necessária Cível,GABINETE 28,506,222.00978088378906,222.00978088378906,1.0,0.1082,False
Remessa Necessária Cível,GABINETE 11,503,222.00978088378906,222.00978088378906,1.0,0.1082,False
Remessa Necessária Cível,GABINETE 13,493,222.00978088378906,222.00978088378906,1.0,0.1082,False
Remessa Necessária Cível,GABINETE 15,478,172.45600891113287,222.00978088378906,0.7767946449233464,0.067,False
Remessa Necessária Cível,GABINETE 27,474,222.00978088378906,222.00978088378906,1.0,0.1082,False
Remessa Necessária Cível,GABINETE 14,438,140.50209045410153,222.00978088378906,0.6328644165801294,0.0435,False
Remessa Necessária Cível,GABINETE 30,410,151.8516235351562,222.00978088378906,0.6839861871430019,0.0515,False
Remessa Necessária Cível,GABINETE 31,395,222.00978088378906,222.00978088378906,1.0,0.1082,False
Remessa Necessária Cível,GABINETE 32,375,247.82077026367176,222.00978088378906,1.1162605957139944,0.1309,False
Remessa Necessária Cível,GABINETE 29,326,222.00978088378906,222.00978088378906,1.0,0.1082,False
Remessa Necessária Cível,Gabinete da Vice-Presidência,279,1100.591430664063,222.00978088378906,4.957400643713833,0.6651,True
Embargos à Execução,1ª Vara Federal de Campos,427,489.4678955078126,402.045135498047,1.2174451380974123,0.339,False
Embargos à Execução,3ª Vara Federal do Rio de Janeiro,413,402.045135498047,402.045135498047,1.0,0.2678,False
Embargos à Execução,24ª Vara Federal do Rio de Janeiro,382,472.2188720703125,402.045135498047,1.17454193665429,0.3255,False
Embargos à Execução,4ª Vara Federal de Vitória,368,527.8646240234373,402.045135498047,1.3129486652525397,0.3682,False
Embargos à Execução,17ª Vara Federal do Rio de Janeiro,354,402.045135498047,402.045135498047,1.0,0.2678,False
Embargos à Execução,3ª Vara de Execução Fiscal do Rio de Janeiro,345,402.045135498047,402.045135498047,1.0,0.2678,False
Embargos à Execução,5ª Vara de Execução Fiscal do Rio de Janeiro,343,402.045135498047,402.045135498047,1.0,0.2678,False
Embargos à Execução,22ª Vara Federal do Rio de Janeiro,342,448.9429931640625,402.045135498047,1.1166482405213514,0.3068,False
Embargos à Execução,2ª Vara de Execução Fiscal de Vitória,336,402.045135498047,402.045135498047,1.0,0.2678,False
Embargos à Execução,20ª Vara Federal do Rio de Janeiro,334,402.045135498047,402.045135498047,1.0,0.2678,False
Embargos à Execução,7ª Vara Federal do Rio de Janeiro,333,402.045135498047,402.045135498047,1.0,0.2678,False
Embargos à Execução,6ª Vara Federal do Rio de Janeiro,329,402.045135498047,402.045135498047,1.0,0.2678,False
Embargos à Execução,5ª Vara Federal de Niterói,326,578.2499999999999,402.045135498047,1.438271350513104,0.4044,False
Embargos à Execução,28ª Vara Federal do Rio de Janeiro,322,518.7254638671876,402.045135498047,1.2902169882607806,0.3613,False
Embargos à Execução,4ª Vara Federal do Rio de Janeiro,320,402.045135498047,402.045135498047,1.0,0.2678,False
Embargos à Execução,2ª Vara Federal de São Pedro da Aldeia,316,402.045135498047,402.045135498047,1.0,0.2678,False
Embargos à Execução,21ª Vara Federal do Rio de Janeiro,316,458.75671386718733,402.045135498047,1.141057740442219,0.3147,False
Embargos à Execução,16ª Vara Federal do Rio de Janeiro,316,426.07220458984386,402.045135498047,1.059762118653749,0.288,False
Embargos à Execução,2ª Vara Federal do Rio de Janeiro,315,402.045135498047,402.045135498047,1.0,0.2678,False
Embargos à Execução,32ª Vara Federal do Rio de Janeiro,308,458.5266418457031,402.045135498047,1.1404854862320066,0.3145,False
Embargos à Execução,10ª Vara Federal do Rio de Janeiro,295,477.7326049804685,402.045135498047,1.1882561503664535,0.3298,False
Embargos à Execução,11ª Vara de Execução Fiscal do Rio de Janeiro,295,402.045135498047,402.045135498047,1.0,0.2678,False
Embargos à Execução,3ª Vara de Execução Fiscal de Vitória,294,402.045135498047,402.045135498047,1.0,0.2678,False
Embargos à Execução,12ª Vara de Execução Fiscal do Rio de Janeiro,288,402.045135498047,402.045135498047,1.0,0.2678,False
Embargos à Execução,30ª Vara Federal do Rio de Janeiro,287,415.7543640136719,402.045135498047,1.0340987299812547,0.2794,False
Embargos à Execução,23ª Vara Federal do Rio de Janeiro,285,443.83285522460955,402.045135498047,1.1039378816878274,0.3026,False
Embargos à Execução,1ª Vara Federal de Duque de Caxias,283,492.61340332031256,402.045135498047,1.225268905965175,0.3414,False
Embargos à Execução,19ª Vara Federal do Rio de Janeiro,277,551.7110595703125,402.045135498047,1.3722614971745941,0.3856,False
Embargos à Execução,1ª Vara Federal de Petrópolis,275,402.045135498047,402.045135498047,1.0,0.2678,False
Embargos à Execução,14ª Vara Federal do Rio de Janeiro,269,492.73648071289057,402.045135498047,1.2255750342620029,0.3415,False
Embargos à Execução,6ª Vara de Execução Fiscal do Rio de Janeiro,265,402.045135498047,402.045135498047,1.0,0.2678,False
Embargos à Execução,8ª Vara Federal do Rio de Janeiro,263,586.4552612304686,402.045135498047,1.4586801566544945,0.41,False
Embargos à Execução,2ª Vara Federal de Duque de Caxias,253,402.045135498047,402.045135498047,1.0,0.2678,False
Embargos à Execução,27ª Vara Federal do Rio de Janeiro,250,402.045135498047,402.045135498047,1.0,0.2678,False
Embargos à Execução,26ª Vara Federal do Rio de Janeiro,248,402.045135498047,402.045135498047,1.0,0.2678,False
Embargos à Execução,8ª Vara de Execução Fiscal do Rio de Janeiro,248,402.045135498047,402.045135498047,1.0,0.2678,False
Embargos à Execução,1ª Vara Federal de Niterói,248,488.0711364746096,402.045135498047,1.213971003205884,0.3379,False
Embargos à Execução,Vara Federal de Macaé,244,402.045135498047,402.045135498047,1.0,0.2678,False
Embargos à Execução,1ª Vara de Execução Fiscal de São Gonçalo,234,402.045135498047,402.045135498047,1.0,0.2678,False
Embargos à Execução,10ª Vara de Execução Fiscal do Rio de Janeiro,230,402.045135498047,402.045135498047,1.0,0.2678,False
Embargos à Execução,29ª Vara Federal do Rio de Janeiro,222,402.045135498047,402.045135498047,1.0,0.2678,False
Embargos à Execução,3ª Vara Federal de Volta Redonda,218,533.9300537109377,402.045135498047,1.3280351049379415,0.3726,False
Embargos à Execução,3ª Vara Federal de Niterói,217,441.6046447753905,402.045135498047,1.0983956918875237,0.3008,False
Embargos à Execução,2ª Vara Federal de Nova Iguaçu,216,464.9212951660158,402.045135498047,1.1563907982373145,0.3197,False
Embargos à Execução,1ª Vara Federal de Volta Redonda,208,567.8609008789062,402.045135498047,1.4124307216786727,0.3971,False
Embargos à Execução,4º Juizado Especial de Vitória,202,402.045135498047,402.045135498047,1.0,0.2678,False
Embargos à Execução,2ª Vara de Execução Fiscal de São João de Meriti,201,402.045135498047,402.045135498047,1.0,0.2678,False
Embargos à Execução,5ª Vara Federal de Vitória,201,394.66482543945307,402.045135498047,0.9816430808211339,0.2615,False
Embargos à Execução,4ª Vara de Execução Fiscal do Rio de Janeiro,201,402.045135498047,402.045135498047,1.0,0.2678,False
Embargos à Execução,11ª Vara Federal do Rio de Janeiro,197,466.36764526367176,402.045135498047,1.1599882801366148,0.3208,False
Embargos à Execução,12ª Vara Federal do Rio de Janeiro,194,463.5656127929687,402.045135498047,1.1530188326211461,0.3186,False
Embargos à Execução,1ª Vara de Execução Fiscal do Rio de Janeiro,193,402.045135498047,402.045135498047,1.0,0.2678,False
Embargos à Execução,Vara Federal de Nova Friburgo,193,402.045135498047,402.045135498047,1.0,0.2678,False
Embargos à Execução,4ª Vara Federal de Niterói,192,494.99108886718744,402.045135498047,1.2311828826233664,0.3433,False
Embargos à Execução,1ª Vara de Execução Fiscal de São João de Meriti,191,440.9798889160155,402.045135498047,1.0968417473071446,0.3003,False
Embargos à Execução,2ª Vara de Execução Fiscal do Rio de Janeiro,188,428.91296386718756,402.045135498047,1.0668278906940565,0.2904,False
Embargos à Execução,7ª Vara de Execução Fiscal do Rio de Janeiro,184,402.045135498047,402.045135498047,1.0,0.2678,False
Embargos à Execução,5ª Vara Federal do Rio de Janeiro,183,402.045135498047,402.045135498047,1.0,0.2678,False
Embargos à Execução,Vara Federal de Itaperuna,177,402.045135498047,402.045135498047,1.0,0.2678,False
Embargos à Execução,3ª Vara Federal de São Gonçalo,169,402.045135498047,402.045135498047,1.0,0.2678,False
Embargos à Execução,2ª Vara Federal de São Gonçalo,160,444.02462768554676,402.045135498047,1.1044148740551138,0.3028,False
Embargos à Execução,15ª Vara Federal do Rio de Janeiro,157,402.045135498047,402.045135498047,1.0,0.2678,False
Embargos à Execução,9ª Vara de Execução Fiscal do Rio de janeiro,153,402.045135498047,402.045135498047,1.0,0.2678,False
Embargos à Execução,6ª Vara Federal de São João de Meriti,148,474.01803588867205,402.045135498047,1.1790169660962722,0.3269,False
Embargos à Execução,1ª Vara Federal de Nova Iguaçu,148,471.3421936035158,402.045135498047,1.1723613892744273,0.3248,False
Embargos à Execução,1ª Vara federal de cachoeiro de itapemirim,142,943.9569091796878,402.045135498047,2.3478879007212194,0.6053,True
Embargos à Execução,4ª Vara de Execução Fiscal de Vitória,142,402.045135498047,402.045135498047,1.0,0.2678,False
Embargos à Execução,Vara Federal de Linhares,139,490.5272521972657,402.045135498047,1.220080057900983,0.3398,False
Embargos à Execução,5ª Vara Federal de São João de Meriti,128,427.5238647460937,402.045135498047,1.0633728081711127,0.2892,False
Embargos à Execução,Vara Federal de Três Rios,126,402.045135498047,402.045135498047,1.0,0.2678,False
Embargos à Execução,Vara Federal de Barra do Piraí,124,409.11630249023443,402.045135498047,1.0175879929088754,0.2738,False
Embargos à Execução,2ª Vara Federal de Itaboraí,117,342.054473876953,402.045135498047,0.8507862517804661,0.2155,False
Embargos à Execução,Vara Federal de Resende,116,402.045135498047,402.045135498047,1.0,0.2678,False
Embargos à Execução,1ª Vara Federal de Itaboraí,115,323.8957519531251,402.045135498047,0.8056203728267681,0.1993,False
Embargos à Execução,1ª Vara Federal do Rio de Janeiro,108,328.31311035156256,402.045135498047,0.816607592938175,0.2033,False
Embargos à Execução,Vara Federal de Colatina,107,438.35067749023443,402.045135498047,1.0903021546255316,0.2981,False
Embargos à Execução,18ª Vara Federal do Rio de Janeiro,101,402.045135498047,402.045135498047,1.0,0.2678,False
Embargos à Execução,Vara Federal de São Mateus,90,423.0141906738281,402.045135498047,1.0521559728606218,0.2854,False
Embargos à Execução,Vara Federal de Magé,90,512.7124023437499,402.045135498047,1.275260803015587,0.3568,False
Embargos à Execução,2ª Vara Federal de Cachoeiro do Itapemirim,86,402.045135498047,402.045135498047,1.0,0.2678,False
Embargos à Execução,Vara Federal de Angra dos Reis,83,591.0236206054688,402.045135498047,1.4700429589163373,0.4132,False
Embargos à Execução,1ª Vara Federal de Serra,81,412.1565856933592,402.045135498047,1.0251500374026072,0.2763,False
Embargos à Execução Fiscal,3ª Vara de Execução Fiscal do Rio de Janeiro,1220,515.4687500000001,515.4687500000001,1.0,0.3589,False
Embargos à Execução Fiscal,1ª Vara de Execução Fiscal de São Gonçalo,1156,441.72131347656244,515.4687500000001,0.8569313144134584,0.3009,False
Embargos à Execução Fiscal,9ª Vara de Execução Fiscal do Rio de janeiro,1129,515.4687500000001,515.4687500000001,1.0,0.3589,False
Embargos à Execução Fiscal,5ª Vara de Execução Fiscal do Rio de Janeiro,1125,515.4687500000001,515.4687500000001,1.0,0.3589,False
Embargos à Execução Fiscal,12ª Vara de Execução Fiscal do Rio de Janeiro,1125,515.4687500000001,515.4687500000001,1.0,0.3589,False
Embargos à Execução Fiscal,10ª Vara de Execução Fiscal do Rio de Janeiro,1060,515.4687500000001,515.4687500000001,1.0,0.3589,False
Embargos à Execução Fiscal,6ª Vara de Execução Fiscal do Rio de Janeiro,1051,515.4687500000001,515.4687500000001,1.0,0.3589,False
Embargos à Execução Fiscal,3ª Vara de Execução Fiscal de Vitória,1023,515.4687500000001,515.4687500000001,1.0,0.3589,False
Embargos à Execução Fiscal,4ª Vara de Execução Fiscal de Vitória,1006,515.4687500000001,515.4687500000001,1.0,0.3589,False
Embargos à Execução Fiscal,11ª Vara de Execução Fiscal do Rio de Janeiro,1000,515.4687500000001,515.4687500000001,1.0,0.3589,False
Embargos à Execução Fiscal,7ª Vara de Execução Fiscal do Rio de Janeiro,979,521.6105957031251,515.4687500000001,1.011915068960291,0.3635,False
Embargos à Execução Fiscal,2ª Vara de Execução Fiscal de Vitória,940,515.4687500000001,515.4687500000001,1.0,0.3589,False
Embargos à Execução Fiscal,2ª Vara de Execução Fiscal do Rio de Janeiro,874,576.0462036132814,515.4687500000001,1.117519158267657,0.4028,False
Embargos à Execução Fiscal,8ª Vara de Execução Fiscal do Rio de Janeiro,824,515.4687500000001,515.4687500000001,1.0,0.3589,False
Embargos à Execução Fiscal,5ª Vara Federal de Niterói,798,797.9340209960936,515.4687500000001,1.5479774884434672,0.5368,False
Embargos à Execução Fiscal,4ª Vara de Execução Fiscal do Rio de Janeiro,757,515.4687500000001,515.4687500000001,1.0,0.3589,False
Embargos à Execução Fiscal,1ª Vara de Execução Fiscal do Rio de Janeiro,671,473.5641479492189,515.4687500000001,0.9187058341542893,0.3265,False
Embargos à Execução Fiscal,2ª Vara de Execução Fiscal de São João de Meriti,478,515.4687500000001,515.4687500000001,1.0,0.3589,False
Embargos à Execução Fiscal,1ª Vara de Execução Fiscal de São João de Meriti,475,565.3876342773436,515.4687500000001,1.09684172760685,0.3953,False
Embargos à Execução Fiscal,3ª Vara Federal de Volta Redonda,240,589.2603759765626,515.4687500000001,1.1431544123219157,0.412,False
Embargos à Execução Fiscal,1ª Vara Federal de Volta Redonda,168,696.0806274414064,515.4687500000001,1.3503837573886026,0.4803,False
Embargos à Execução Fiscal,Vara Federal de Nova Friburgo,156,515.4687500000001,515.4687500000001,1.0,0.3589,False
Embargos à Execução Fiscal,1ª Vara Federal de Itaboraí,86,415.27212524414057,515.4687500000001,0.8056203702826611,0.279,False
Embargos à Execução Fiscal,1ª Vara Federal de Duque de Caxias,82,600.8566894531251,515.4687500000001,1.1656510495604728,0.4199,False
